,product_name,ratings,Prices,description
0,realme Pad 6 GB RAM 128 GB ROM 10.4 inch with Wi-Fi+4G Tablet (Grey),4.4,"Rs 19,999","6 GB RAM | 128 GB ROM | Expandable Upto 1 TB26.42 cm (10.4 inch) Full HD Display8 MP Primary Camera | 8 MP FrontAndroid 11 | Battery: 7100 mAh Lithium IonIdeal Usage: Business, Entertainment, GamingVoice Call (Dual Sim, 4G LTE|GSM)Processor: MediaTek Helio G801 Year Manufacturer"
1,realme Pad 6 GB RAM 128 GB ROM 10.4 inch with Wi-Fi+4G Tablet (Gold),4.4,"Rs 19,999","6 GB RAM | 128 GB ROM | Expandable Upto 1 TB26.42 cm (10.4 inch) Full HD Display8 MP Primary Camera | 8 MP FrontAndroid 11 | Battery: 7100 mAh Lithium IonIdeal Usage: Business, Entertainment, GamingVoice Call (Dual Sim, 4G LTE|GSM)Processor: MediaTek Helio G801 Year Manufacturer"
2,realme Pad 4 GB RAM 64 GB ROM 10.4 inch with Wi-Fi+4G Tablet (Grey),4.4,"Rs 17,999","4 GB RAM | 64 GB ROM | Expandable Upto 1 TB26.42 cm (10.4 inch) WUXGA+ Display8 MP Primary Camera | 8 MP FrontAndroid 11 | Battery: 7100 mAh Lithium IonIdeal Usage: Entertainment, GamingVoice Call (Dual Sim, GSM)Processor: MediaTek Helio G801 Year Manufacturer Warranty"
3,SAMSUNG Galaxy Tab A8 4 GB RAM 64 GB ROM 10.5 inch with Wi-Fi+4G Tablet (Gray),4.3,"Rs 19,999","4 GB RAM | 64 GB ROM | Expandable Upto 1 TB26.67 cm (10.5 inch) Full HD Display8 MP Primary Camera | 5 MP FrontAndroid 11 | Battery: 7040 mAhVoice Call (Single Sim, LTE)Processor: Octa Core1 year manufacturer warranty for Tablet and 6 months warranty for in the box accessories"
4,SAMSUNG Galaxy Tab A8 4 GB RAM 64 GB ROM 10.5 inch with Wi-Fi+4G Tablet (Pink Gold),4.3,"Rs 19,999","4 GB RAM | 64 GB ROM | Expandable Upto 1 TB26.67 cm (10.5 inch) Full HD Display8 MP Primary Camera | 5 MP FrontAndroid 11 | Battery: 7040 mAhVoice Call (Single Sim, LTE)Processor: Octa Core1 Year manufacturer warranty for Tablet and 6 months warranty for in the box accessories"
5,Lenovo Tab M10 4 GB RAM 128 GB ROM 10.3 inch with Wi-Fi+4G Tablet (Platinum Grey),4.1,"Rs 15,999","4 GB RAM | 128 GB ROM | Expandable Upto 2 TB26.16 cm (10.3 inch) Full HD Display8 MP Primary Camera | 5 MP FrontAndroid 9 | Battery: 5000 mAhVoice Call (Single Sim, Wifi, 4G LTE)Processor: MediaTek Helio P22T Tab1 Year Manufacturer Warranty for Device and 6 Months Manufacturer Warranty for In-Box Accessories Including Batteries from the Date of Purchase"
6,MOTOROLA tab g70 LTE 4 GB RAM 64 GB ROM 11 inch with Wi-Fi+4G Tablet (Modernist Teal),4.3,"Rs 19,999","4 GB RAM | 64 GB ROM | Expandable Upto 1 TB27.94 cm (11 inch) 2K Display13 MP Primary CameraAndroid 11 | Battery: 7700 mAh Li-PoIdeal Usage: Business, Reading and BrowsingVoice Call (Single Sim, GSM, LTE, VoLTE)Processor: MediaTek Helio G90T Octa-Core1 Year on Tab device and 6 months on battery and accessories"
7,realme Pad X 4 GB RAM 64 GB ROM 11 inch with Wi-Fi Only Tablet (Glowing Grey),4.4,"Rs 19,999","Compatible with realme pencil and smart keyboard4 GB RAM | 64 GB ROM | Expandable Upto 1 TB27.94 cm (11 inch) WUXGA+ Display13 MP Primary Camera | 8 MP FrontAndroid 12 | Battery: 8340 mAh Lithium IonIdeal Usage: Entertainment, GamingProcessor: Qualcomm Snapdragon 6951 Year Domestic Warranty"
8,realme Pad 3 GB RAM 32 GB ROM 10.4 inch with Wi-Fi+4G Tablet (Gold),4.4,"Rs 15,999","3 GB RAM | 32 GB ROM | Expandable Upto 1 TB26.42 cm (10.4 inch) WUXGA+ Display8 MP Primary Camera | 8 MP FrontAndroid 11 | Battery: 7100 mAh Lithium IonIdeal Usage: Entertainment, GamingVoice Call (Dual Sim, GSM)Processor: MediaTek Helio G801 Year Manufacturer Warranty"
9,MOTOROLA Tab G62 4 GB RAM 64 GB ROM 10.61 inch with Wi-Fi+4G Tablet (Frost Blue),4.1,"Rs 16,999","4 GB RAM | 64 GB ROM26.95 cm (10.61 inch) 2K Display8 MP Primary Camera | 8 MP FrontAndroid 12 | Battery: 7700 mAhIdeal Usage: EntertainmentVoice Call (Single Sim, GSM, LTE, VoLTE)Processor: Snapdragon SDM6801 Year On Tab Device And 6 Months On Battery And Accessories"
10,Lenovo M10 FHD Plus (2nd Gen) with Active Pen 4 GB RAM 128 GB ROM 10.3 inches with Wi-Fi+4G Tablet (Pl...,4.2,"Rs 18,999","4 GB RAM | 128 GB ROM | Expandable Upto 256 GB26.16 cm (10.3 inches) Display8 MP Primary Camera | 5 MP FrontAndroid 9 Pie | Battery: 5000 mAHVoice Call (Single Sim, GSM: Bands 2/3/5/8, WCDMA: Bands 1/2/3/5(6/19)/8, FDD LTE: Bands 1/2/3/4/5(19)/7/8/20, TDD LTE: Bands 38/40)Processor: MediaTek Helio P22T Tab Octa-Core (4 x A53)1 Year Warranty"
11,MOTOROLA tab g70 LTE 6 GB RAM 128 GB ROM 11 inch with Wi-Fi+4G Tablet (Modernist Teal),4.3,"Rs 19,999","6 GB RAM | 128 GB ROM | Expandable Upto 1 TB27.94 cm (11 inch) 2K Display13 MP Primary CameraAndroid 11 | Battery: 7700 mAh Li-PoIdeal Usage: Business, Reading and BrowsingVoice Call (Single Sim, GSM, LTE, VoLTE)Processor: MediaTek Helio G90T Octa-Core1 Year on Tab device and 6 months on battery and accessories"
12,realme Pad 3 GB RAM 32 GB ROM 10.4 inch with Wi-Fi+4G Tablet (Grey),4.4,"Rs 15,999","3 GB RAM | 32 GB ROM | Expandable Upto 1 TB26.42 cm (10.4 inch) WUXGA+ Display8 MP Primary Camera | 8 MP FrontAndroid 11 | Battery: 7100 mAh Lithium IonIdeal Usage: Entertainment, GamingVoice Call (Dual Sim, GSM)Processor: MediaTek Helio G801 Year Manufacturer Warranty"
13,SAMSUNG Galaxy Tab A8 4 GB RAM 64 GB ROM 10.5 inch with Wi-Fi+4G Tablet (Silver),4.3,"Rs 19,999","4 GB RAM | 64 GB ROM | Expandable Upto 1 TB26.67 cm (10.5 inch) Full HD Display8 MP Primary Camera | 5 MP FrontAndroid 11 | Battery: 7040 mAhVoice Call (Single Sim, LTE)Processor: Octa Core1 Year manufacturer warranty for Tablet and 6 months warranty for in the box accessories"
14,Lenovo Tab M10 (HD) 4 GB RAM 64 GB ROM 10.1 inch with Wi-Fi+4G Tablet (Platinum Grey),4.2,"Rs 16,999","4 GB RAM | 64 GB ROM | Expandable Upto 256 GB25.65 cm (10.1 inch) HD Display8 MP Primary Camera | 5 MP FrontAndroid 10 | Battery: 5000 mAh Lithium PolymerProcessor: MediaTek Helio P22 Octa Core Processor1 Year on Tablet, 6 Months on Accessories"
15,SAMSUNG Galaxy Tab A8 3 GB RAM 32 GB ROM 10.5 inch with Wi-Fi+4G Tablet (Silver),4.3,"Rs 17,999","3 GB RAM | 32 GB ROM | Expandable Upto 1 TB26.67 cm (10.5 inch) Full HD Display8 MP Primary Camera | 5 MP FrontAndroid 11 | Battery: 7040 mAhVoice Call (Single Sim, LTE)Processor: Octa Core1 Year manufacturer warranty for Tablet and 6 months warranty for in the box accessories"
16,Honor Pad 8 4 GB RAM 128 GB ROM 12 inch with Wi-Fi Only Tablet (Blue Hour),4.5,"Rs 18,999","4 GB RAM | 128 GB ROM30.48 cm (12 inch) Display5 MP Primary Camera | 5 MP FrontAndroid 12 (Magic UI 6.1) | Battery: 7250 mAhProcessor: Qualcomm Snapdragon 680, Octa Core, 4 x A73 (at 2.4 GHz) + 4 A53 (at 1.9 GHz)1 Year on Tablet Device and 1 Year on Battery"
17,SAMSUNG Galaxy Tab A8 3 GB RAM 32 GB ROM 10.5 inch with Wi-Fi+4G Tablet (Gray),4.3,"Rs 17,999","3 GB RAM | 32 GB ROM | Expandable Upto 1 TB26.67 cm (10.5 inch) Full HD Display8 MP Primary Camera | 5 MP FrontAndroid 11 | Battery: 7040 mAhVoice Call (Single Sim, LTE)Processor: Octa Core1 year manufacturer warranty for Tablet and 6 months warranty for in the box accessories"
18,Lenovo Tab K10 FHD 3 GB RAM 32 GB ROM 10.3 inches with Wi-Fi+4G Tablet (Abyss Blue),4.3,"Rs 15,499","3 GB RAM | 32 GB ROM | Expandable Upto 256 GB26.16 cm (10.3 inches) Display8 MP Primary Camera | 5 MP FrontAndroid 11 | Battery: 7500 mAHVoice Call (Single Sim, 4G LTE)Processor: Mediatek Helio P22T Octa Core1 year warranty"
19,Huawei MatePad T8 LTE 2 GB RAM 32 GB ROM 8 inch with Wi-Fi+4G Tablet (Deepsea Blue),3.8,"Rs 17,990","2 GB RAM | 32 GB ROM | Expandable Upto 512 GB20.32 cm (8 inch) HD Display5 MP Primary Camera | 2 MP FrontAndroid 10 | Battery: 5100 mAh Lithium PolymerVoice Call (Single Sim, LTE)Processor: MTK MT8768 Octa Core1 Year From the Date of Purchase"
20,Lenovo Tab P11 4 GB RAM 128 GB ROM 11.0 inches with Wi-Fi+4G Tablet (Platinum Grey),4.2,"Rs 19,999",4 GB RAM | 128 GB ROM | Expandable Upto 256 GB27.94 cm (11.0 inches) Display13.0 MP Primary Camera | 8 MP FrontAndroid 10 | Battery: 7500 mAhProcessor: Qualcomm Snapdragon 662 octa-core processor (Upto 2 GHz)1 Year Warranty
21,realme Pad X 4 GB RAM 64 GB ROM 11 inch with Wi-Fi Only Tablet (Glacier Blue),4.4,"Rs 19,999","Compatible with realme pencil and smart keyboard4 GB RAM | 64 GB ROM | Expandable Upto 1 TB27.94 cm (11 inch) WUXGA+ Display13 MP Primary Camera | 8 MP FrontAndroid 12 | Battery: 8340 mAh Lithium IonIdeal Usage: Entertainment, GamingProcessor: Qualcomm Snapdragon 6951 Year Domestic Warranty"
22,Honor Pad 5 4 GB RAM 64 GB ROM 8 inch with Wi-Fi+4G Tablet (Glacial Blue),4.4,"Rs 16,999","IPS FHD Capacitive Touchscreen (1920 x 1200 pixels resolution)4 GB RAM | 64 GB ROM | Expandable Upto 512 GB20.32 cm (8 inch) Full HD Display8 MP Primary Camera | 8 MP FrontAndroid 9.0 (Pie) | Battery: 5100 mAh Lithium PolymerVoice Call (Single Sim, LTE)Processor: Kirin 710 (64-bit) Octa Core (4 x Cortex A73 at 2.2 GHz + 4 x Cortex A53 at 1.7 GHz)1 Year on Tablet, 6 Months on Battery"
23,Lenovo Tab K10 FHD 4 GB RAM 64 GB ROM 10.3 inches with Wi-Fi+4G Tablet (Abyss Blue),4.3,"Rs 16,900","4 GB RAM | 64 GB ROM | Expandable Upto 256 GB26.16 cm (10.3 inches) Display8 MP Primary Camera | 5 MP FrontAndroid 11 | Battery: 7500 mAHVoice Call (Single Sim, 4G LTE)Processor: Mediatek Helio P22T Octa Core1 year warranty"
24,realme Pad 6 GB RAM 128 GB ROM 10.4 inch with Wi-Fi+4G Tablet (Gold),4.4,"Rs 19,999","6 GB RAM | 128 GB ROM | Expandable Upto 1 TB26.42 cm (10.4 inch) Full HD Display8 MP Primary Camera | 8 MP FrontAndroid 11 | Battery: 7100 mAh Lithium IonIdeal Usage: Business, Entertainment, GamingVoice Call (Dual Sim, 4G LTE|GSM)Processor: MediaTek Helio G801 Year Manufacturer"
25,realme Pad 6 GB RAM 128 GB ROM 10.4 inch with Wi-Fi+4G Tablet (Grey),4.4,"Rs 19,999","6 GB RAM | 128 GB ROM | Expandable Upto 1 TB26.42 cm (10.4 inch) Full HD Display8 MP Primary Camera | 8 MP FrontAndroid 11 | Battery: 7100 mAh Lithium IonIdeal Usage: Business, Entertainment, GamingVoice Call (Dual Sim, 4G LTE|GSM)Processor: MediaTek Helio G801 Year Manufacturer"
26,Lenovo Tab M10 4 GB RAM 128 GB ROM 10.3 inch with Wi-Fi+4G Tablet (Platinum Grey),4.1,"Rs 15,999","4 GB RAM | 128 GB ROM | Expandable Upto 2 TB26.16 cm (10.3 inch) Full HD Display8 MP Primary Camera | 5 MP FrontAndroid 9 | Battery: 5000 mAhVoice Call (Single Sim, Wifi, 4G LTE)Processor: MediaTek Helio P22T Tab1 Year Manufacturer Warranty for Device and 6 Months Manufacturer Warranty for In-Box Accessories Including Batteries from the Date of Purchase"
27,SAMSUNG Galaxy Tab A8 4 GB RAM 64 GB ROM 10.5 inch with Wi-Fi+4G Tablet (Pink Gold),4.3,"Rs 19,999","4 GB RAM | 64 GB ROM | Expandable Upto 1 TB26.67 cm (10.5 inch) Full HD Display8 MP Primary Camera | 5 MP FrontAndroid 11 | Battery: 7040 mAhVoice Call (Single Sim, LTE)Processor: Octa Core1 Year manufacturer warranty for Tablet and 6 months warranty for in the box accessories"
28,realme Pad 4 GB RAM 64 GB ROM 10.4 inch with Wi-Fi+4G Tablet (Grey),4.4,"Rs 17,999","4 GB RAM | 64 GB ROM | Expandable Upto 1 TB26.42 cm (10.4 inch) WUXGA+ Display8 MP Primary Camera | 8 MP FrontAndroid 11 | Battery: 7100 mAh Lithium IonIdeal Usage: Entertainment, GamingVoice Call (Dual Sim, GSM)Processor: MediaTek Helio G801 Year Manufacturer Warranty"
29,SAMSUNG Galaxy Tab A8 4 GB RAM 64 GB ROM 10.5 inch with Wi-Fi+4G Tablet (Gray),4.3,"Rs 19,999","4 GB RAM | 64 GB ROM | Expandable Upto 1 TB26.67 cm (10.5 inch) Full HD Display8 MP Primary Camera | 5 MP FrontAndroid 11 | Battery: 7040 mAhVoice Call (Single Sim, LTE)Processor: Octa Core1 year manufacturer warranty for Tablet and 6 months warranty for in the box accessories"
30,realme Pad X 4 GB RAM 64 GB ROM 11 inch with Wi-Fi Only Tablet (Glowing Grey),4.4,"Rs 19,999","Compatible with realme pencil and smart keyboard4 GB RAM | 64 GB ROM | Expandable Upto 1 TB27.94 cm (11 inch) WUXGA+ Display13 MP Primary Camera | 8 MP FrontAndroid 12 | Battery: 8340 mAh Lithium IonIdeal Usage: Entertainment, GamingProcessor: Qualcomm Snapdragon 6951 Year Domestic Warranty"
31,MOTOROLA tab g70 LTE 4 GB RAM 64 GB ROM 11 inch with Wi-Fi+4G Tablet (Modernist Teal),4.3,"Rs 19,999","4 GB RAM | 64 GB ROM | Expandable Upto 1 TB27.94 cm (11 inch) 2K Display13 MP Primary CameraAndroid 11 | Battery: 7700 mAh Li-PoIdeal Usage: Business, Reading and BrowsingVoice Call (Single Sim, GSM, LTE, VoLTE)Processor: MediaTek Helio G90T Octa-Core1 Year on Tab device and 6 months on battery and accessories"
32,realme Pad 3 GB RAM 32 GB ROM 10.4 inch with Wi-Fi+4G Tablet (Gold),4.4,"Rs 15,999","3 GB RAM | 32 GB ROM | Expandable Upto 1 TB26.42 cm (10.4 inch) WUXGA+ Display8 MP Primary Camera | 8 MP FrontAndroid 11 | Battery: 7100 mAh Lithium IonIdeal Usage: Entertainment, GamingVoice Call (Dual Sim, GSM)Processor: MediaTek Helio G801 Year Manufacturer Warranty"
33,MOTOROLA tab g70 LTE 6 GB RAM 128 GB ROM 11 inch with Wi-Fi+4G Tablet (Modernist Teal),4.3,"Rs 19,999","6 GB RAM | 128 GB ROM | Expandable Upto 1 TB27.94 cm (11 inch) 2K Display13 MP Primary CameraAndroid 11 | Battery: 7700 mAh Li-PoIdeal Usage: Business, Reading and BrowsingVoice Call (Single Sim, GSM, LTE, VoLTE)Processor: MediaTek Helio G90T Octa-Core1 Year on Tab device and 6 months on battery and accessories"
34,realme Pad 3 GB RAM 32 GB ROM 10.4 inch with Wi-Fi+4G Tablet (Grey),4.4,"Rs 15,999","3 GB RAM | 32 GB ROM | Expandable Upto 1 TB26.42 cm (10.4 inch) WUXGA+ Display8 MP Primary Camera | 8 MP FrontAndroid 11 | Battery: 7100 mAh Lithium IonIdeal Usage: Entertainment, GamingVoice Call (Dual Sim, GSM)Processor: MediaTek Helio G801 Year Manufacturer Warranty"
35,MOTOROLA Tab G62 4 GB RAM 64 GB ROM 10.61 inch with Wi-Fi+4G Tablet (Frost Blue),4.1,"Rs 16,999","4 GB RAM | 64 GB ROM26.95 cm (10.61 inch) 2K Display8 MP Primary Camera | 8 MP FrontAndroid 12 | Battery: 7700 mAhIdeal Usage: EntertainmentVoice Call (Single Sim, GSM, LTE, VoLTE)Processor: Snapdragon SDM6801 Year On Tab Device And 6 Months On Battery And Accessories"
36,Lenovo M10 FHD Plus (2nd Gen) with Active Pen 4 GB RAM 128 GB ROM 10.3 inches with Wi-Fi+4G Tablet (Pl...,4.2,"Rs 18,999","4 GB RAM | 128 GB ROM | Expandable Upto 256 GB26.16 cm (10.3 inches) Display8 MP Primary Camera | 5 MP FrontAndroid 9 Pie | Battery: 5000 mAHVoice Call (Single Sim, GSM: Bands 2/3/5/8, WCDMA: Bands 1/2/3/5(6/19)/8, FDD LTE: Bands 1/2/3/4/5(19)/7/8/20, TDD LTE: Bands 38/40)Processor: MediaTek Helio P22T Tab Octa-Core (4 x A53)1 Year Warranty"
37,Lenovo Tab M10 (HD) 4 GB RAM 64 GB ROM 10.1 inch with Wi-Fi+4G Tablet (Platinum Grey),4.2,"Rs 16,999","4 GB RAM | 64 GB ROM | Expandable Upto 256 GB25.65 cm (10.1 inch) HD Display8 MP Primary Camera | 5 MP FrontAndroid 10 | Battery: 5000 mAh Lithium PolymerProcessor: MediaTek Helio P22 Octa Core Processor1 Year on Tablet, 6 Months on Accessories"
38,SAMSUNG Galaxy Tab A8 4 GB RAM 64 GB ROM 10.5 inch with Wi-Fi+4G Tablet (Silver),4.3,"Rs 19,999","4 GB RAM | 64 GB ROM | Expandable Upto 1 TB26.67 cm (10.5 inch) Full HD Display8 MP Primary Camera | 5 MP FrontAndroid 11 | Battery: 7040 mAhVoice Call (Single Sim, LTE)Processor: Octa Core1 Year manufacturer warranty for Tablet and 6 months warranty for in the box accessories"
39,SAMSUNG Galaxy Tab A8 3 GB RAM 32 GB ROM 10.5 inch with Wi-Fi+4G Tablet (Silver),4.3,"Rs 17,999","3 GB RAM | 32 GB ROM | Expandable Upto 1 TB26.67 cm (10.5 inch) Full HD Display8 MP Primary Camera | 5 MP FrontAndroid 11 | Battery: 7040 mAhVoice Call (Single Sim, LTE)Processor: Octa Core1 Year manufacturer warranty for Tablet and 6 months warranty for in the box accessories"
40,Honor Pad 8 4 GB RAM 128 GB ROM 12 inch with Wi-Fi Only Tablet (Blue Hour),4.5,"Rs 18,999","4 GB RAM | 128 GB ROM30.48 cm (12 inch) Display5 MP Primary Camera | 5 MP FrontAndroid 12 (Magic UI 6.1) | Battery: 7250 mAhProcessor: Qualcomm Snapdragon 680, Octa Core, 4 x A73 (at 2.4 GHz) + 4 A53 (at 1.9 GHz)1 Year on Tablet Device and 1 Year on Battery"
41,SAMSUNG Galaxy Tab A8 3 GB RAM 32 GB ROM 10.5 inch with Wi-Fi+4G Tablet (Gray),4.3,"Rs 17,999","3 GB RAM | 32 GB ROM | Expandable Upto 1 TB26.67 cm (10.5 inch) Full HD Display8 MP Primary Camera | 5 MP FrontAndroid 11 | Battery: 7040 mAhVoice Call (Single Sim, LTE)Processor: Octa Core1 year manufacturer warranty for Tablet and 6 months warranty for in the box accessories"
42,Lenovo Tab K10 FHD 3 GB RAM 32 GB ROM 10.3 inches with Wi-Fi+4G Tablet (Abyss Blue),4.3,"Rs 15,499","3 GB RAM | 32 GB ROM | Expandable Upto 256 GB26.16 cm (10.3 inches) Display8 MP Primary Camera | 5 MP FrontAndroid 11 | Battery: 7500 mAHVoice Call (Single Sim, 4G LTE)Processor: Mediatek Helio P22T Octa Core1 year warranty"
43,Huawei MatePad T8 LTE 2 GB RAM 32 GB ROM 8 inch with Wi-Fi+4G Tablet (Deepsea Blue),3.8,"Rs 17,990","2 GB RAM | 32 GB ROM | Expandable Upto 512 GB20.32 cm (8 inch) HD Display5 MP Primary Camera | 2 MP FrontAndroid 10 | Battery: 5100 mAh Lithium PolymerVoice Call (Single Sim, LTE)Processor: MTK MT8768 Octa Core1 Year From the Date of Purchase"
44,Nokia T21 4 GB RAM 64 GB ROM 10.3 inch with Wi-Fi+4G Tablet (Grey),4.4,"Rs 19,999",4 GB RAM | 64 GB ROM26.16 cm (10.3 inch) 2K Display8 MP Primary Camera | 8 MP FrontAndroid 12 | Battery: Lithium PolymerVoice Call (Single Sim)Processor: Unisoc1 Year Manufacturer Warranty for Device and Battery and 6 Months Manufacturer Warranty for In-Box Accessories from the Date of Purchase
45,realme Pad X 4 GB RAM 64 GB ROM 11 inch with Wi-Fi Only Tablet (Glacier Blue),4.4,"Rs 19,999","Compatible with realme pencil and smart keyboard4 GB RAM | 64 GB ROM | Expandable Upto 1 TB27.94 cm (11 inch) WUXGA+ Display13 MP Primary Camera | 8 MP FrontAndroid 12 | Battery: 8340 mAh Lithium IonIdeal Usage: Entertainment, GamingProcessor: Qualcomm Snapdragon 6951 Year Domestic Warranty"
46,Lenovo Tab P11 4 GB RAM 128 GB ROM 11.0 inches with Wi-Fi+4G Tablet (Platinum Grey),4.2,"Rs 19,999",4 GB RAM | 128 GB ROM | Expandable Upto 256 GB27.94 cm (11.0 inches) Display13.0 MP Primary Camera | 8 MP FrontAndroid 10 | Battery: 7500 mAhProcessor: Qualcomm Snapdragon 662 octa-core processor (Upto 2 GHz)1 Year Warranty
47,SAMSUNG Galaxy Tab A8 3 GB RAM 32 GB ROM 10.5 inch with Wi-Fi+4G Tablet (Pink Gold),4.3,"Rs 17,999","3 GB RAM | 32 GB ROM | Expandable Upto 1 TB26.67 cm (10.5 inch) Full HD Display8 MP Primary Camera | 5 MP FrontAndroid 11 | Battery: 7040 mAHVoice Call (Single Sim, LTE)Processor: Octa Core1 Year manufacturer warranty for Tablet and 6 months warranty for in the box accessories"
48,Honor Pad 5 3 GB RAM 32 GB ROM 10.1 inch with Wi-Fi+4G Tablet (Glacial Blue),4.4,"Rs 16,999","3 GB RAM | 32 GB ROM | Expandable Upto 256 GB25.65 cm (10.1 inch) Full HD Display8 MP Primary Camera | 2 MP FrontAndroid 8.0 (Oreo) | Battery: 5100 mAh Lithium PolymerVoice Call (Single Sim, LTE)Processor: Kirin 659 (64-bit) Octa Core (4 x Cortex A53 at 2.36 GHz + 4 x Cortex A53 at 1.7 GHz)1 Year on Tablet, 6 Months on Battery"
49,Lenovo Tab K10 FHD 4 GB RAM 64 GB ROM 10.3 inches with Wi-Fi+4G Tablet (Abyss Blue),4.3,"Rs 16,900","4 GB RAM | 64 GB ROM | Expandable Upto 256 GB26.16 cm (10.3 inches) Display8 MP Primary Camera | 5 MP FrontAndroid 11 | Battery: 7500 mAHVoice Call (Single Sim, 4G LTE)Processor: Mediatek Helio P22T Octa Core1 year warranty"
50,Oppo Pad Air 4 GB RAM 128 GB ROM 10.36 inch with Wi-Fi Only Tablet (Purple),4.4,"Rs 19,999",4 GB RAM | 128 GB ROM | Expandable Upto 512 GB26.31 cm (10.36 inch) 2K Display8 MP Primary Camera | 8 MP FrontAndroid 12 | Battery: 7100 mAhProcessor: Qualcomm Snapdragon 6801 Year Manufacturer Warranty
51,REDMI Pad 4 GB RAM 128 GB ROM 10.61 Inch with Wi-Fi Only Tablet (Graphite Gray),4.4,"Rs 17,999",4 GB RAM | 128 GB ROM26.95 cm (10.61 Inch) Display8 MP Primary Camera | 8 MP FrontAndroid 12 | Battery: 8000 mAhProcessor: Octa Core1 Year Domestic Warranty
52,REDMI Pad 6 GB RAM 128 GB ROM 10.61 Inch with Wi-Fi Only Tablet (Moonlight Silver),4.4,"Rs 19,999",6 GB RAM | 128 GB ROM26.95 cm (10.61 Inch) Display8 MP Primary Camera | 8 MP FrontAndroid 12 | Battery: 8000 mAhProcessor: Octa Core1 Year Domestic Warranty
53,TCL 10 TAB Max 4 GB RAM 64 GB ROM 10.36 inches with Wi-Fi+4G Tablet (Blue),4.2,"Rs 17,999","4 GB RAM | 64 GB ROM | Expandable Upto 256 GB26.31 cm (10.36 inches) Full HD Display13 MP Primary Camera | 8 MP FrontAndroid 10 | Battery: 8000 mAH Lithium-ionIdeal Usage: High Processing TasksVoice Call (Single Sim, GSM, WCDMA, LTE)Processor: Octa-Core: 4 x Cortex-A73 at 2.0 GHz + 4 x Cortex-A53 at 2.0 GHz1 Year Manufacturer Warranty"
54,REDMI Pad 6 GB RAM 128 GB ROM 10.61 Inch with Wi-Fi Only Tablet (Graphite Gray),4.4,"Rs 19,999",6 GB RAM | 128 GB ROM26.95 cm (10.61 Inch) Display8 MP Primary Camera | 8 MP FrontAndroid 12 | Battery: 8000 mAhProcessor: Octa Core1 Year Domestic Warranty
55,Honor Pad 5 4 GB RAM 64 GB ROM 8 inch with Wi-Fi+4G Tablet (Glacial Blue),4.4,"Rs 16,999","IPS FHD Capacitive Touchscreen (1920 x 1200 pixels resolution)4 GB RAM | 64 GB ROM | Expandable Upto 512 GB20.32 cm (8 inch) Full HD Display8 MP Primary Camera | 8 MP FrontAndroid 9.0 (Pie) | Battery: 5100 mAh Lithium PolymerVoice Call (Single Sim, LTE)Processor: Kirin 710 (64-bit) Octa Core (4 x Cortex A73 at 2.2 GHz + 4 x Cortex A53 at 1.7 GHz)1 Year on Tablet, 6 Months on Battery"
56,Oppo Pad Air 4 GB RAM 64 GB ROM 10.36 inch with Wi-Fi Only Tablet (Grey),4.4,"Rs 15,999",4 GB RAM | 64 GB ROM26.31 cm (10.36 inch) 2K Display8 MP Primary Camera | 8 MP FrontAndroid ColorOS 12.1 | Battery: 7100 mAhProcessor: Qualcomm Snapdragon 6801 Year Manufacturer Warranty
57,MOTOROLA Tab G62 4 GB RAM 64 GB ROM 10.61 inch with Wi-Fi Only Tablet (Frost Blue),4.1,"Rs 15,999",4 GB RAM | 64 GB ROM26.95 cm (10.61 inch) 2K Display8 MP Primary Camera | 8 MP FrontAndroid 12 | Battery: 7700 mAhIdeal Usage: EntertainmentProcessor: Snapdragon SDM6801 Year On Tab Device And 6 Months On Battery And Accessories
58,TCL 10 TAB Max 4 GB RAM 64 GB ROM 10.36 inches with Wi-Fi+4G Tablet (Grey),4.2,"Rs 17,999","4 GB RAM | 64 GB ROM | Expandable Upto 256 GB26.31 cm (10.36 inches) Full HD Display13 MP Primary Camera | 8 MP FrontAndroid 10 | Battery: 8000 mAH Lithium-ionIdeal Usage: High Processing TasksVoice Call (Single Sim, GSM, WCDMA, LTE)Processor: Octa-Core: 4 x Cortex-A73 at 2.0GHz + 4 x Cortex-A53 at 2.0GHz1 Year Manufacturer Warranty"
59,Alcatel 3T10 with Speaker 2 GB RAM 16 GB ROM 10 inch with Wi-Fi+4G Tablet (Midnight Blue),3.9,"Rs 16,999","2 GB RAM | 16 GB ROM | Expandable Upto 128 GB25.4 cm (10 inch) HD Display5 MP Primary Camera | 5 MP FrontAndroid 9.0 (Pie) | Battery: 4080 mAh Li-ionVoice Call (Single Sim, 4G VoLTE)Processor: MediaTek Quad Core (MT8765B)1 Year on Tablet, 6 Months on Accessories"
60,Lenovo Smart Tab M10 FHD Plus (2nd Gen) with Google Assistant 4 GB RAM 128 GB ROM 10.3 inch with Wi-Fi...,4.3,"Rs 16,999","4 GB RAM | 128 GB ROM | Expandable Upto 256 GB26.16 cm (10.3 inch) Full HD Display8 MP Primary Camera | 5 MP FrontAndroid 10.0 (Pie) | Battery: 5000 mAhProcessor: MediaTek Helio P22T Octa Core (4 x A53 at 2.3 GHz, 4 x A53 at 1.8 GHz)1 Year on Tablet, 6 Months on Accessories"
61,Swipe X1 Tab FHD IPS Display Octa Core 6 GB RAM 128 GB ROM 10.1 inch with Wi-Fi+4G Tablet (Glacier Blu...,3.7,"Rs 18,999","6 GB RAM | 128 GB ROM | Expandable Upto 128 GB25.65 cm (10.1 inch) Full HD Display13 MP Primary Camera | 8 MP FrontAndroid 11 | Battery: 7000 mAh Lithium-IonIdeal Usage: Business, For Kids, Entertainment, Reading and BrowsingVoice Call (Dual Sim, GSM/WCDMA/FDDLTE/TDD LTE/TD-SCDMA , B1 (2100), B3 (1800), B5 (850), B8 (900), B40 (TDD 2300), B41 (TDD 2500))Processor: T618 8 Core ARM 2.0 Ghz 2*A75 2.0GHz + 6*A55 2.0GHz12 months brand warranty and 6 months on accessories"
62,HP Slate 7 Voice Tab,3.8,"Rs 16,999","1 GB RAM | 16 GB ROM | Expandable Upto 32 GB17.78 cm (7 inch) HD Display5 MP Primary Camera | 2 MP FrontAndroid 4.2.2 (Jelly Bean) | Battery: 4100 mAh Lithium - IonVoice Call (Dual Sim, GSM + GSM)Processor: Marvell PXA1088 Quad Core"
63,"acer One 10 4 GB RAM 64GB ROM 10.1 Inch with Wi-Fi+4G Tablet (Rear: Rose Gold, Front: White)",3.8,"Rs 15,990","4 GB RAM | 64GB ROM | Expandable Upto 512 GB25.65 cm (10.1 Inch) Full HD Display8 MP Primary Camera | 5 MP FrontAndroid 11 | Battery: 6600 mAhVoice Call (Single Sim)Processor: MT8766WA Cortex A53, Quad Core1 Year Carry in Warranty"
64,TCL 10 TAB Max 4 GB RAM 64 GB ROM 10.36 inches with Wi-Fi Only Tablet (Grey),4.2,"Rs 16,499",4 GB RAM | 64 GB ROM | Expandable Upto 256 GB26.31 cm (10.36 inches) Full HD Display13 MP Primary Camera | 8 MP FrontAndroid 10 | Battery: 8000 mAh Lithium-ionIdeal Usage: High Processing TasksProcessor: Octa-Core: 4 x Cortex-A73 at 2.0 GHz + 4 x Cortex-A53 at 2.0 GHz1 Year Manufacturer Warranty
65,Oppo Pad Air 4 GB RAM 128 GB ROM 10.36 inch with Wi-Fi Only Tablet (Grey),4.4,"Rs 19,999",4 GB RAM | 128 GB ROM26.31 cm (10.36 inch) 2K Display8 MP Primary Camera | 8 MP FrontAndroid ColorOS 12.1 | Battery: 7100 mAhProcessor: Qualcomm Snapdragon 6801 Year Manufacturer Warranty
66,Swipe X1 Tab FHD IPS Display Octa Core 4 GB RAM 64 GB ROM 10.1 inch with Wi-Fi+4G Tablet (Glacier Blue...,3.7,"Rs 15,999","4 GB RAM | 64 GB ROM | Expandable Upto 128 GB25.65 cm (10.1 inch) HD Display13 MP Primary Camera | 8 MP FrontAndroid 11 | Battery: 7000 mAh Lithium-IonIdeal Usage: Business, For Kids, Entertainment, Reading and Browsing, GamingVoice Call (Dual Sim, GSM/WCDMA/FDDLTE/TDD LTE/TD-SCDMA , B1 (2100), B3 (1800), B5 (850), B8 (900), B40 (TDD 2300), B41 (TDD 2500))Processor: T618 8 Core ARM 2.0 Ghz 2*A75 2.0GHz + 6*A55 2.0GHz12 months brand warranty and 6 months on accessories"
67,Huawei MatePad T8 (WiFi Edition) 2 GB RAM 32 GB ROM 8 inch with Wi-Fi Only Tablet (Deepsea Blue),3.5,"Rs 15,990",2 GB RAM | 32 GB ROM | Expandable Upto 512 GB20.32 cm (8 inch) HD Display5 MP Primary Camera | 2 MP FrontAndroid 10 | Battery: 5100 mAh Lithium PolymerProcessor: MTK MT8768 Octa Core1 Year From the Date of Purchase
68,itel Pad One 4 GB RAM 128 GB ROM 10.1 inch with 4G Tablet (Light Blue),4.3,"Rs 15,999",4 GB RAM | 128 GB ROM25.65 cm (10.1 inch) Display5 MP Primary CameraiPadOS Android 12 Go | Battery:Voice Call (Single Sim)1 Year Onsite warranty + 1 Year Accidental Damage Protection + 1 Year Premium Care
69,Lenovo Tab K10 FHD 4 GB RAM 64 GB ROM 10.3 inches with Wi-Fi Only Tablet (Abyss Blue),4.3,"Rs 15,499",4 GB RAM | 64 GB ROM | Expandable Upto 256 GB26.16 cm (10.3 inches) Display8 MP Primary Camera | 5 MP FrontAndroid 11 | Battery: 7500 mAHProcessor: Mediatek Helio P22T Octa Core1 year warranty
70,Nokia Tab T20 4GB RAM 64GB ROM 10.36 inch with Wi-Fi+4G Tablet (Blue),4.4,"Rs 15,999",4GB RAM | 64GB ROM | Expandable Upto 512 GB26.31 cm (10.36 inch) 2K Display8 MP Primary Camera | 5 MP FrontAndroid 11 | Battery: 8200 mAh Lithium-ionProcessor: Unisoc T6101 year manufacturer warranty for device and battery and 6 months manufacturer warranty for in-box accessories from the date of purchase
71,Nokia T21 4 GB RAM 64 GB ROM 10.3 inch with Wi-Fi Only Tablet (Grey),4.4,"Rs 16,499",4 GB RAM | 64 GB ROM26.16 cm (10.3 inch) 2K Display8 MP Primary Camera | 8 MP FrontAndroid 12 | Battery: Lithium PolymerProcessor: Unisoc1 Year Manufacturer Warranty for Device and Battery and 6 Months Manufacturer Warranty for In-Box Accessories from the Date of Purchase
72,realme Pad 3 GB RAM 32 GB ROM 10.4 inch with Wi-Fi Only Tablet (Grey),4.3,"Rs 13,999","3 GB RAM | 32 GB ROM | Expandable Upto 1 TB26.42 cm (10.4 inch) WUXGA+ Display8 MP Primary Camera | 8 MP FrontAndroid 11 | Battery: 7100 mAh Lithium IonIdeal Usage: Entertainment, GamingProcessor: MediaTek Helio G801 Year Manufacturer Warranty"
73,SAMSUNG Galaxy Tab A8 3 GB RAM 32 GB ROM 10.5 inch with Wi-Fi Only Tablet (Gray),4.3,"Rs 13,499",3 GB RAM | 32 GB ROM | Expandable Upto 1 TB26.67 cm (10.5 inch) Full HD Display8 MP Primary CameraAndroid 11 | Battery: 7040 mAhProcessor: Octa-Core1 year manufacturer warranty for Tablet and 6 months warranty for in the box accessories
74,SAMSUNG Galaxy Tab A8 3 GB RAM 32 GB ROM 10.5 inch with Wi-Fi Only Tablet (Silver),4.3,"Rs 13,499",3 GB RAM | 32 GB ROM | Expandable Upto 1 TB26.67 cm (10.5 inch) Full HD Display8 MP Primary CameraAndroid 11 | Battery: 7040 mAhProcessor: Octa-Core1 year manufacturer warranty for Tablet and 6 months warranty for in the box accessories
75,SAMSUNG Galaxy Tab A7 Lite 3 GB RAM 32 GB ROM 8.7 inches with Wi-Fi+4G Tablet (Silver),4.3,"Rs 13,290",3 GB RAM | 32 GB ROM | Expandable Upto 1 TB22.1 cm (8.7 inches) Full HD Display8 MP Primary Camera | 2 MP FrontAndroid 11 | Battery: 5100 mAhVoice Call (Single Sim)Processor: MediaTek_MT8768T1 Year Manufacturer Warranty for Tablet and 6 Months Warranty for in the Box Accessories
76,realme Pad Mini 4 GB RAM 64 GB ROM 8.7 inch with Wi-Fi+4G Tablet (Blue),4.1,"Rs 14,999","18W Fast Charging | Battery: 6400 mAH4 GB RAM | 64 GB ROM | Expandable Upto 1 TB22.1 cm (8.7 inch) HD Display8 MP Primary Camera | 5 MP FrontAndroid 11 | Battery: 6400 mAh Lithium IonIdeal Usage: EntertainmentVoice Call (Dual Sim, GSM, WCDMA, LTE FDD, TD-LTE)Processor: UNISOC T616 Octa-Core1 Year Domestic Warranty"
77,Lenovo Tab M8 (2nd Gen) FHD 3 GB RAM 32 GB ROM 8 inch with Wi-Fi+4G Tablet (Platinum Grey),3.8,"Rs 11,499","3 GB RAM | 32 GB ROM20.32 cm (8 inch) Full HD Display13 MP Primary Camera | 5 MP FrontAndroid 9.0 (Pie) | Battery: 5100 mAhVoice Call (Single Sim, LTE)Processor: MediaTek Helio P22T Octa Core (2.0 GHz)1 Year on Tablet, 6 Months on Accessories"
78,Lenovo M8 FHD (2nd Gen) 3 GB RAM 32 GB ROM 8 inch with Wi-Fi Only Tablet (Platinum Grey),4.2,"Rs 10,999",3 GB RAM | 32 GB ROM20.32 cm (8 inch) Full HD Display13 MP Primary Camera | 5 MP FrontAndroid 9 (Pie) | Battery: 5100 mAhProcessor: MediaTek Helio P22T Octa Core1 Year Warranty
79,TCL 10 TAB Max 4 GB RAM 64 GB ROM 10.36 inches with Wi-Fi Only Tablet (Blue),4,"Rs 14,499",4 GB RAM | 64 GB ROM | Expandable Upto 256 GB26.31 cm (10.36 inches) Full HD Display13 MP Primary Camera | 8 MP FrontAndroid 10 | Battery: 8000 mAh Lithium-ionIdeal Usage: High Processing TasksProcessor: Octa-Core: 4 x Cortex-A73 at 2.0 GHz + 4 x Cortex-A53 at 2.0 GHz1 Year Manufacturer Warranty
80,TCL Tab 10 Full HD 3 GB RAM 64 GB ROM 10.1 inches with Wi-Fi+4G Tablet (Black),4.1,"Rs 11,999","3 GB RAM | 64 GB ROM | Expandable Upto 256 GB25.65 cm (10.1 inches) Full HD Display5 MP Primary Camera | 5 MP FrontAndroid 10 | Battery: 5500 mAh Lithium-ionIdeal Usage: High Processing TasksVoice Call (Single Sim, GSM, WCDMA, VOLTE)Processor: MT8768E Octa-Core CPU, 2.0 GHz1 Year Manufacturer Warranty"
81,Lenovo M8 Full HD 4 GB RAM 64 GB ROM 8 inches with Wi-Fi+4G Tablet (platinum grey),3.1,"Rs 14,999",4 GB RAM | 64 GB ROM | Expandable Upto 256 GB20.32 cm (8 inches) Display13 MP Primary Camera | 5 MP FrontAndroid 9 Pie | Battery: 5100 mAhVoice Call (Single Sim)Processor: MediaTek Helio P22T Tab Octa-Core Processor1 Year Warranty
82,Swipe Slate 2 3 GB RAM 32 GB ROM 10.1 inch with Wi-Fi+4G Tablet (Grey),4.2,"Rs 10,999","3 GB RAM | 32 GB ROM | Expandable Upto 128 GB25.65 cm (10.1 inch) HD Display8 MP Primary Camera | 5 MP FrontAndroid 9.0 (Pie) | Battery: 5000 mAh Lithium-ionVoice Call (Dual Sim, LTE, GSM)Processor: MT8765B Quad CoreFor any warranty related issues, please call the Swipe Customer Support - +918287807038 or mail us at Swipecare@btplgroup.com"
83,Lenovo M10 FHD REL 3 GB RAM 32 GB ROM 10.1 inch with Wi-Fi+4G Tablet (Slate Black),4.3,"Rs 14,999","3 GB RAM | 32 GB ROM25.65 cm (10.1 inch) Full HD Display8 MP Primary Camera | 5 MP FrontAndroid 9.0 (Pie) | Battery: 7000 mAh Lithium PolymerProcessor: Qualcomm Snapdragon 450 Octa Core (1.8 GHz)1 Year on Tablet, 6 Months on Accessories"
84,SAMSUNG Galaxy Tab A7 Lite 3 GB RAM 32 GB ROM 8.7 inches with Wi-Fi Only Tablet (Silver),4.3,"Rs 11,999",3 GB RAM | 32 GB ROM | Expandable Upto 1 TB22.1 cm (8.7 inches) Full HD Display8 MP Primary Camera | 2 MP FrontAndroid 11 | Battery: 5100 mAhProcessor: MediaTek_MT8768T1 Year Manufacturer Warranty for Tablet and 6 Months Warranty for in the Box Accessories
85,realme Pad Mini 4 GB RAM 64 GB ROM 8.7 inch with Wi-Fi Only Tablet (Grey),3.1,"Rs 12,999",18W Fast Charging | Battery: 6400 mAH4 GB RAM | 64 GB ROM | Expandable Upto 1 TB22.1 cm (8.7 inch) HD Display8 MP Primary Camera | 5 MP FrontAndroid 11 | Battery: 6400 mAh Lithium IonIdeal Usage: EntertainmentProcessor: UNISOC T616 Octa-Core1 Year Domestic Warranty
86,Swipe Slate 2 2 GB RAM 16 GB ROM 10.1 inch with Wi-Fi+4G Tablet (Gold),4.1,"Rs 11,646","2 GB RAM | 16 GB ROM | Expandable Upto 128 GB25.65 cm (10.1 inch) HD Display8 MP Primary Camera | 5 MP FrontAndroid 9.0 (Pie) | Battery: 5000 mAh Lithium-ionVoice Call (Dual Sim, LTE, GSM)Processor: MT8765B Quad CoreFor any warranty related issues, please call the Swipe Customer Support - +918287807038 or mail us at Swipecare@btplgroup.com"
87,Alcatel 3T10 (2nd Gen) 3 GB RAM 32 GB ROM 10.1 inches with Wi-Fi+4G Tablet (Black),4.3,"Rs 13,199",3 GB RAM | 32 GB ROM25.65 cm (10.1 inches) Display5 MP Primary CameraAndroid 10 | Battery: 5500 mAhVoice Call (Single Sim)1 Year warranty from date of purchase
88,Nokia Tab T20 4GB RAM 64GB ROM 10.36 inch with Wi-Fi Only Tablet (Blue),4.3,"Rs 13,999",4GB RAM | 64GB ROM | Expandable Upto 512 GB26.31 cm (10.36 inch) 2K Display8 MP Primary Camera | 5 MP FrontAndroid 11 | Battery: 8200 mAh Lithium-ionProcessor: Unisoc T6101 year manufacturer warranty for device and battery and 6 months manufacturer warranty for in-box accessories from the date of purchase
89,SAMSUNG Galaxy Tab A7 Lite 3 GB RAM 32 GB ROM 8.7 inches with Wi-Fi Only Tablet (Grey),4.4,"Rs 11,999",3 GB RAM | 32 GB ROM | Expandable Upto 1 TB22.1 cm (8.7 inches) Full HD Display8 MP Primary Camera | 2 MP FrontAndroid 11 | Battery: 5100 mAhProcessor: MediaTek_MT8768T1 Year Manufacturer Warranty for Tablet and 6 Months Warranty for in the Box Accessories
90,Honor Pad 5 3 GB RAM 32 GB ROM 8 inch with Wi-Fi+4G Tablet (Glacial Blue),3.4,"Rs 14,999","IPS FHD Capacitive Touchscreen (1920 x 1200 pixels resolution)3 GB RAM | 32 GB ROM | Expandable Upto 512 GB20.32 cm (8 inch) Full HD Display8 MP Primary Camera | 8 MP FrontAndroid 9.0 (Pie) | Battery: 5100 mAh Lithium PolymerVoice Call (Single Sim, LTE)Processor: Kirin 710 (64-bit) Octa Core (4 x Cortex A73 at 2.2 GHz + 4 x Cortex A53 at 1.7 GHz)1 Year on Tablet, 6 Months on Battery"
91,Swipe New Slate 2 3 GB RAM 32 GB ROM 10.1 inches with Wi-Fi+4G Tablet (Grey),3.8,"Rs 10,999","3 GB RAM | 32 GB ROM | Expandable Upto 128 GB25.65 cm (10.1 inches) SD Display8 MP Primary Camera | 5 MP FrontAndroid Android 9 | Battery: 5000 mAhIdeal Usage: EntertainmentVoice Call (Dual Sim, GSM 850/900/1800/1900, 3G WCDMA 2100, 4G BAND 3/5/40)Processor: MT8765B, Quad-Core 1.28 GHzOne Year Manufacture Warranty, ""By Calling +918287807038 or Swipecare@btplgroup.com"""
92,Alcatel TKEE MAX 2 GB RAM 32 GB ROM 10.1 inches with Wi-Fi Only Tablet (Mint Green),4.1,"Rs 10,499","2 GB RAM | 32 GB ROM25.65 cm (10.1 inches) Display2 MP Primary CameraAndroid 10 | Battery: 4080 mAhVoice Call (No Sim, GSM)1 Year warranty from date of purchase"
93,Alcatel TKEE MID 2 GB RAM 32 GB ROM 8 inches with Wi-Fi+4G Tablet (Yellow),3.2,"Rs 10,499","2 GB RAM | 32 GB ROM20.32 cm (8 inches) Display5 MP Primary CameraAndroid 10 | Battery: 4080 mAhVoice Call (Single Sim, GSM)1 Year warranty from date of purchase"
94,I Kall N15 4 GB RAM 64 GB ROM 10 inch with Wi-Fi+4G Tablet (Grey),3.6,"Rs 11,999",4 GB RAM | 64 GB ROM25.4 cm (10 inch) Display13 MP Primary Camera | 8 MP FrontAndroid 11.0 | Battery: 6000 mAh Lithium PolymerVoice Call (Dual Sim)Processor: Octa Core1 Year warranty for device and 6 Months for box accessories
95,LAVA Aura 2 GB RAM 32 GB ROM 8 inch with Wi-Fi+4G Tablet (Grey),3.9,"Rs 10,999","2 GB RAM | 32 GB ROM | Expandable Upto 256 GB20.32 cm (8 inch) HD Display8 MP Primary Camera | 5 MP FrontAndroid 10 | Battery: 5100 mAh Lithium PolymerVoice Call (Dual Sim)Processor: MediaTek Processor1 Year on Tablet, 6 Months on Accessories"
96,TCL Tab 10s 3 GB RAM 32 GB ROM 10.1 inches with Wi-Fi Only Tablet (Grey),3.1,"Rs 10,999","3 GB RAM | 32 GB ROM | Expandable Upto 256 GB25.65 cm (10.1 inches) Full HD Display8 MP Primary Camera | 5 MP FrontAndroid 10 | Battery: 8000 mAh Lithium-ionIdeal Usage: High Processing TasksProcessor: MT8768E (MT6762 ) 4 x A53 2.0 GHz, 4 x A53 1.5 GHz1 Year Manufacturer Warranty"
97,Swipe Slate 2 2 GB RAM 16 GB ROM 10.1 inch with Wi-Fi+4G Tablet (Grey),3.7,"Rs 11,457","2 GB RAM | 16 GB ROM | Expandable Upto 128 GB25.65 cm (10.1 inch) HD Display8 MP Primary Camera | 5 MP FrontAndroid 9.0 (Pie) | Battery: 5000 mAh Lithium-ionVoice Call (Dual Sim, LTE, GSM)Processor: MT8765B Quad CoreFor any warranty related issues, please call the Swipe Customer Support - +918287807038 or mail us at Swipecare@btplgroup.com"
98,Swipe Slate 3 HD IPS Display 3 GB RAM 32 GB ROM 10.1 inch with Wi-Fi+4G Tablet (Space Grey),3.7,"Rs 10,999","3 GB RAM | 32 GB ROM | Expandable Upto 128 GB25.65 cm (10.1 inch) HD Display8 MP Primary Camera | 5 MP FrontAndroid 11 | Battery: 6000 mAh Lithium-ionIdeal Usage: Business, Reading and Browsing, Entertainment, GamingVoice Call (Dual Sim, GSM/WCDMA/FDDLTE/TDD LTE/TD-SCDMA , B1 (2100), B3 (1800), B5 (850), B8 (900), B40 (TDD 2300), B41 (TDD 2500))Processor: 2.0 GHz Ultra Fast Octa Core Processor, T618For any warranty related issues, please call the Swipe Customer Support - +918287807038 or mail us at Swipecare@btplgroup.com"
99,Swipe Slate 3 HD IPS Display 4 GB RAM 64 GB ROM 10.1 inch with Wi-Fi Only Tablet (Glacier Blue),3.8,"Rs 11,999","4 GB RAM | 64 GB ROM | Expandable Upto 128 GB25.65 cm (10.1 inch) HD Display8 MP Primary Camera | 5 MP FrontAndroid 11 | Battery: 6000 mAh Lithium-ionIdeal Usage: Business, Reading and Browsing, Entertainment, GamingVoice Call (No Sim)Processor: 2.0 GHz Ultra Fast Octa Core Processor, T618For any warranty related issues, please call the Swipe Customer Support - +918287807038 or mail us at Swipecare@btplgroup.com"
100,ankikrit ENVT10DM2 2 GB RAM 32 GB ROM 10 inch with Wi-Fi+4G Tablet (Grey),4.5,"Rs 10,640","2 GB RAM | 32 GB ROM25.4 cm (10 inch) HD Display13 MP Primary Camera | 5 MP FrontAndroid 11 | Battery: 5020 mAhIdeal Usage: Business, Entertainment, For Kids, Gaming, High Processing Tasks, Reading and BrowsingVoice Call (Dual Sim)Processor: Unisoc SC9863A Octa-core1 Year Domestic"
101,Nokia T10 4 GB RAM 64 GB ROM 8 inch with 4G Tablet (Blue),3.2,"Rs 14,989",4 GB RAM | 64 GB ROM | Expandable Upto 512 GB20.32 cm (8 inch) Display8 MP Primary CameraAndroid 12 | Battery: 5250 mAh Non-RemovableVoice Call (No Sim)Processor: Unisoc T6061 Year Manufacturer Warranty for Device and Battery and 6 Months Manufacturer Warranty for In-Box Accessories from the Date of Purchase
102,I Kall N15 4 GB RAM 64 GB ROM 10 inch with Wi-Fi+4G Tablet (Blue),3.2,"Rs 11,999",4 GB RAM | 64 GB ROM | Expandable Upto 64 MB25.4 cm (10 inch) Display13 MP Primary Camera | 8 MP FrontAndroid 11.0 | Battery: 6000 mAh Lithium PolymerVoice Call (Dual Sim)Processor: Octa Core1 Year warranty for device and 6 Months for box accessories
103,DOMO Slate SLP8 Calling Tablet Pc 4 GB RAM 64 GB ROM 10.1 inch with 4G Tablet (Grey),4.4,"Rs 11,990","4 GB RAM | 64 GB ROM | Expandable Upto 512 GB25.65 cm (10.1 inch) Display13 MP Primary Camera | 5 MP FrontAndroid 11 | Battery: 5020 mAhVoice Call (Dual Sim, 2G, 3G, and 4G VOLTE)Processor: 28 nm HPC+ (High-Performance Computing) Octa-core ARM Cortexâ„¢ A55 Processor @ 2.8 GHz (1.6GHz + 1.2GHz)Device: 6 Months Accessories: 3 Months"
104,Wishtel IRA T803 8inch 2GB 32GB Wi-Fi + 4G Tablet. 2 GB RAM 32 GB ROM 8 inch with Wi-Fi+4G Tablet (Bla...,4.5,"Rs 11,500",2 GB RAM | 32 GB ROM20.32 cm (8 inch) Display8 megapixels MP Primary CameraAndroid 11 | Battery:Voice Call (Dual Sim)1 year manufacturer warranty for device and 6 months manufacturer warranty for in-box accessories including batteries from the date of purchase.
105,Lenovo Tab M10 FHD Plus 6 GB RAM 128 GB ROM 10.61 inch with Wi-Fi+4G Tablet (Storm Grey),4.4,"Rs 20,999","6 GB RAM | 128 GB ROM | Expandable Upto 1 TB26.95 cm (10.61 inch) Full HD Display8.0 MP Primary Camera | 8 MP FrontAndroid 12 | Battery: 7700 mAhVoice Call (Single Sim, Wifi, 4G LTE)Processor: Qualcomm Snapdragon SDM 68031 year manufacturer warranty for device and 6 months manufacturer warranty for batteries from the date of purchase"
106,Honor Pad 8 6 GB RAM 128 GB ROM 12 inch with Wi-Fi Only Tablet (Blue Hour),4.3,"Rs 20,999","6 GB RAM | 128 GB ROM30.48 cm (12 inch) Display5 MP Primary Camera | 5 MP FrontAndroid 12 (Magic UI 6.1) | Battery: 7250 mAhProcessor: Qualcomm Snapdragon 680, Octa Core, 4 x A73 (at 2.4 GHz) + 4 A53 (at 1.9 GHz)1 Year on Tablet Device and 1 Year on Battery"
107,Lenovo Tab 4 10 Plus 3 GB RAM 16 GB ROM 10.1 inch with Wi-Fi+4G Tablet (Aurora Black),3.7,"Rs 23,999","3 GB RAM | 16 GB ROM | Expandable Upto 128 GB25.65 cm (10.1 inch) Full HD Display8 MP Primary Camera | 5 MP FrontAndroid 7.0 (Nougat) | Battery: 7000 mAh Li-ion PolymerProcessor: Qualcomm Snapdragon 625 (MSM8953) Octa Core 64-bit Processor1 Year on Tablet, 6 Months on Accessories"
108,"Lenovo Ideapad Duet Chromebook 4 GB RAM 128 GB ROM 10.1 inch with Wi-Fi Only Tablet (Ice Blue, Iron Gr...",4.6,"Rs 24,847","4 GB RAM | 128 GB ROM25.65 cm (10.1 inch) Full HD Display8 MP Primary Camera | 2 MP FrontChrome OS | Battery: 7000 mAhProcessor: MediaTek P60T Octa Core1 Year on Tablet, 6 Months on Accessories"
109,Wishtel IRA T1020 8 GB RAM 128 GB ROM 10.4 inch with Wi-Fi+4G Tablet (Black),4.5,"Rs 20,499",8 GB RAM | 128 GB ROM26.42 cm (10.4 inch) Display8 MP Primary CameraAndroid 10 | Battery:Voice Call (Dual Sim)1 Year
110,SAMSUNG Galaxy Tab S7+ With Stylus 6 GB RAM 128 GB ROM 12.4 inch with Wi-Fi Only Tablet (Mystic Black),4.3,"Rs 47,999",6 GB RAM | 128 GB ROM | Expandable Upto 1 TB31.5 cm (12.4 inch) Quad HD Display13 MP Primary Camera | 8 MP FrontAndroid 10 | Battery: 10090 mAhProcessor: Qualcomm Snapdragon 865 Plus1 Year Warranty Provided by the Manufacturer from Date of Purchase
111,SAMSUNG Galaxy Tab S6 Lite With Stylus 4 GB RAM 64 GB ROM 10.4 inch with Wi-Fi Only Tablet (Blue),4.5,"Rs 27,999",4 GB RAM | 64 GB ROM | Expandable Upto 1 TB26.42 cm (10.4 inch) Full HD Display8 MP Primary Camera | 5 MP FrontAndroid 12 | Battery: 7040 mAhProcessor: Qualcomm SDM720G (Octa-Core)1 Year Manufacturer Warranty for Tablet and 6 Months Warranty for in the Box Accessories
112,realme Pad Mini 3 GB RAM 32 GB ROM 8.7 inch with Wi-Fi Only Tablet (Grey),4.4,"Rs 9,299",18W Fast Charging | Battery: 6400 mAH3 GB RAM | 32 GB ROM | Expandable Upto 1 TB22.1 cm (8.7 inch) HD Display8 MP Primary Camera | 5 MP FrontAndroid 11 | Battery: 6400 mAh Lithium IonIdeal Usage: EntertainmentProcessor: UNISOC T616 Octa-Core1 Year Domestic Warranty
113,APPLE iPad (10th Gen) 64 GB ROM 10.9 inch with Wi-Fi Only (Blue),4.6,"Rs 40,490",64 GB ROM27.69 cm (10.9 inch) Full HD Display12 MP Primary Camera | 12 MP FrontiPadOS 16 | Battery: Lithium PolymerProcessor: A14 Bionic Chip (64-bit Architecture) with Neural Engine1 Year Limited Hardware Warranty
114,Lenovo Tab Yoga 11 4 GB RAM 128 GB ROM 11 inch with Wi-Fi+4G Tablet (Storm Grey),4.4,"Rs 25,999","4 GB RAM | 128 GB ROM | Expandable Upto 256 GB27.94 cm (11 inch) Full HD Display8 MP Primary Camera | 8 MP FrontAndroid 11 | Battery: 7500 mAhVoice Call (Single Sim, LTE)Processor: MediaTek Helio G90T1 Year Warranty Provided by the Manufacturer from Date of Purchase"
115,APPLE iPad (9th Gen) 64 GB ROM 10.2 inch with Wi-Fi Only (Space Grey),4.5,"Rs 29,900",64 GB ROM25.91 cm (10.2 inch) Display8 MP Primary Camera | 12 MP FrontiOS 15 | Battery: Lithium PolymerProcessor: A13 Bionic Chip with 64-bit Architecture1 Year Warranty
116,realme Pad X 6 GB RAM 128 GB ROM 11 inch with Wi-Fi+5G Tablet (Glacier Blue),4.6,"Rs 27,999","Compatible with realme pencil and smart keyboard6 GB RAM | 128 GB ROM | Expandable Upto 1 TB27.94 cm (11 inch) WUXGA+ Display13 MP Primary Camera | 8 MP FrontAndroid 12 | Battery: 8340 mAh Lithium IonIdeal Usage: Entertainment, GamingVoice Call (Dual Sim, 5G, LTE, WCDMA, GSM)Processor: Qualcomm Snapdragon 6951 Year Domestic Warranty"
117,SAMSUNG Galaxy Tab S6 Lite With Stylus 4 GB RAM 128 GB ROM 10.4 inch with Wi-Fi+4G Tablet (Gray),4.5,"Rs 36,999",4 GB RAM | 128 GB ROM | Expandable Upto 1 TB26.42 cm (10.4 inch) Full HD Display8 MP Primary Camera | 5 MP FrontAndroid 12 | Battery: 7040 mAhVoice Call (Single Sim)Processor: Qualcomm SDM720G (Octa-Core)1 Year Manufacturer Warranty for Tablet and 6 Months Warranty for in the Box Accessories
118,APPLE iPad (9th Gen) 64 GB ROM 10.2 inch with Wi-Fi Only (Silver),4.4,"Rs 29,900",64 GB ROM25.91 cm (10.2 inch) Display8 MP Primary Camera | 12 MP FrontiOS 15 | Battery: Lithium PolymerProcessor: A13 Bionic Chip with 64-bit Architecture1 Year Warranty
119,SAMSUNG Galaxy Tab S6 Lite With Stylus 4 GB RAM 64 GB ROM 10.4 inch with Wi-Fi+4G Tablet (Blue),4.4,"Rs 31,999",4 GB RAM | 64 GB ROM | Expandable Upto 1 TB26.42 cm (10.4 inch) Full HD Display8 MP Primary Camera | 5 MP FrontAndroid 12 | Battery: 7040 mAhProcessor: Qualcomm SDM720G (Octa-Core)1 Year Manufacturer Warranty for Tablet and 6 Months Warranty for in the Box Accessories
120,realme Pad X 6 GB RAM 128 GB ROM 11 inch with Wi-Fi+5G Tablet (Glacier Blue),4.6,"Rs 27,999","Compatible with realme pencil and smart keyboard6 GB RAM | 128 GB ROM | Expandable Upto 1 TB27.94 cm (11 inch) WUXGA+ Display13 MP Primary Camera | 8 MP FrontAndroid 12 | Battery: 8340 mAh Lithium IonIdeal Usage: Entertainment, GamingVoice Call (Dual Sim, 5G, LTE, WCDMA, GSM)Processor: Qualcomm Snapdragon 6951 Year Domestic Warranty"
121,Lenovo Tab Yoga 11 4 GB RAM 128 GB ROM 11 inch with Wi-Fi+4G Tablet (Storm Grey),4.5,"Rs 25,999","4 GB RAM | 128 GB ROM | Expandable Upto 256 GB27.94 cm (11 inch) Full HD Display8 MP Primary Camera | 8 MP FrontAndroid 11 | Battery: 7500 mAhVoice Call (Single Sim, LTE)Processor: MediaTek Helio G90T1 Year Warranty Provided by the Manufacturer from Date of Purchase"
122,APPLE iPad (9th Gen) 64 GB ROM 10.2 inch with Wi-Fi Only (Space Grey),4.6,"Rs 29,900",64 GB ROM25.91 cm (10.2 inch) Display8 MP Primary Camera | 12 MP FrontiOS 15 | Battery: Lithium PolymerProcessor: A13 Bionic Chip with 64-bit Architecture1 Year Warranty
123,SAMSUNG Galaxy Tab S6 Lite With Stylus 4 GB RAM 128 GB ROM 10.4 inch with Wi-Fi+4G Tablet (Gray),4.1,"Rs 36,999",4 GB RAM | 128 GB ROM | Expandable Upto 1 TB26.42 cm (10.4 inch) Full HD Display8 MP Primary Camera | 5 MP FrontAndroid 12 | Battery: 7040 mAhVoice Call (Single Sim)Processor: Qualcomm SDM720G (Octa-Core)1 Year Manufacturer Warranty for Tablet and 6 Months Warranty for in the Box Accessories
124,APPLE iPad (9th Gen) 64 GB ROM 10.2 inch with Wi-Fi Only (Silver),4.5,"Rs 29,900",64 GB ROM25.91 cm (10.2 inch) Display8 MP Primary Camera | 12 MP FrontiOS 15 | Battery: Lithium PolymerProcessor: A13 Bionic Chip with 64-bit Architecture1 Year Warranty
125,Lenovo M8 HD (2nd Gen) 3 GB RAM 32 GB ROM 8 inches with Wi-Fi Only Tablet (Grey),4.5,"Rs 9,499","3 GB RAM | 32 GB ROM | Expandable Upto 128 GB20.32 cm (8 inches) Display8 MP Primary Camera | 2 MP FrontAndroid 9 Pie | Battery: 5000 mAHProcessor: MediaTek Helio A22 (4 Cores, 4 x A53 at 2.0 GHz)1 Year Warranty"
126,SAMSUNG Galaxy Tab S6 Lite With Stylus 4 GB RAM 64 GB ROM 10.4 inch with Wi-Fi+4G Tablet (Blue),4.5,"Rs 31,999",4 GB RAM | 64 GB ROM | Expandable Upto 1 TB26.42 cm (10.4 inch) Full HD Display8 MP Primary Camera | 5 MP FrontAndroid 12 | Battery: 7040 mAhProcessor: Qualcomm SDM720G (Octa-Core)1 Year Manufacturer Warranty for Tablet and 6 Months Warranty for in the Box Accessories
127,APPLE iPad (10th Gen) 64 GB ROM 10.9 inch with Wi-Fi+5G (Blue),4.2,"Rs 55,500",64 GB ROM27.69 cm (10.9 inch) Full HD Display12 MP Primary Camera | 12 MP FrontiPadOS 16 | Battery: Lithium PolymerProcessor: A14 Bionic Chip (64-bit Architecture) with Neural Engine1 Year Limited Hardware Warranty
128,SAMSUNG Galaxy Tab S6 Lite With Stylus 4 GB RAM 64 GB ROM 10.4 inch with Wi-Fi+4G Tablet (Gray),4.7,"Rs 31,999",4 GB RAM | 64 GB ROM | Expandable Upto 1 TB26.42 cm (10.4 inch) Full HD Display8 MP Primary Camera | 5 MP FrontAndroid 12 | Battery: 7040 mAhProcessor: Qualcomm SDM720G (Octa-Core)1 Year Manufacturer Warranty for Tablet and 6 Months Warranty for in the Box Accessories
129,Lenovo Tab M8 (2nd Gen) HD 2 GB RAM 32 GB ROM 8 inch with Wi-Fi+4G Tablet (Iron Grey),4.7,"Rs 9,699","2 GB RAM | 32 GB ROM20.32 cm (8 inch) HD Display8 MP Primary Camera | 2 MP FrontAndroid 9.0 (Pie) | Battery: 5000 mAh Lithium PolymerVoice Call (Single Sim)Processor: MediaTek Helio A22 Quad Core (2.0 GHz)1 Year on Tablet, 6 Months on Accessories"
130,APPLE iPad Pro (4th Gen) 256 GB ROM 11.0 inch with Wi-Fi+5G (Space Grey),3.4,"Rs 99,900",256 GB ROM27.94 cm (11.0 inch) Full HD Display12 MP Primary Camera | 12 MP FrontiPadOS 16 | Battery: Lithium PolymerProcessor: Apple M2 chip1 Year Limited Hardware Warranty
131,SAMSUNG Galaxy Tab S8+ With Stylus 8 GB RAM 128 GB ROM 12.4 inch with Wi-Fi+5G Tablet (Silver),4.7,"Rs 86,999",8 GB RAM | 128 GB ROM | Expandable Upto 1 TB31.5 cm (12.4 inch) Full HD Display13 MP Primary Camera | 12 MP FrontAndroid 12 | Battery: 10090 mAhVoice Call (Single Sim)Processor: Octa-Core1 Year Manufacturer Warranty for Tablet and 6 Months Warranty for in the Box Accessories
132,I Kall N17 3 GB RAM 32 GB ROM 8 inch with 4G Tablet (Black),4.5,"Rs 7,499",3 GB RAM | 32 GB ROM20.32 cm (8 inch) Display8 MP Primary Camera | 5 MP FrontAndroid 10.0 | Battery: 4000 mAhVoice Call (Dual Sim)12 Months on Tablet and 6 Months On Accessories
133,SAMSUNG Galaxy Tab S8+ With Stylus 8 GB RAM 128 GB ROM 12.4 inch with Wi-Fi Only Tablet (Graphite),4.5,"Rs 73,999",8 GB RAM | 128 GB ROM | Expandable Upto 1 TB31.5 cm (12.4 inch) Full HD Display13 MP Primary Camera | 12 MP FrontAndroid 12 | Battery: 10090 mAhVoice Call (No Sim)Processor: Octa-Core1 Year Manufacturer Warranty for Tablet and 6 Months Warranty for in the Box Accessories
134,APPLE iPad (10th Gen) 64 GB ROM 10.9 inch with Wi-Fi+5G (Silver),4.6,"Rs 55,500",64 GB ROM27.69 cm (10.9 inch) Full HD Display12 MP Primary Camera | 12 MP FrontiPadOS 16 | Battery: Lithium PolymerProcessor: A14 Bionic Chip (64-bit Architecture) with Neural Engine1 Year Limited Hardware Warranty
135,APPLE iPad (10th Gen) 256 GB ROM 10.9 inch with Wi-Fi Only (Silver),4.7,"Rs 55,500",256 GB ROM27.69 cm (10.9 inch) Full HD Display12 MP Primary Camera | 12 MP FrontiPadOS 16 | Battery: Lithium PolymerProcessor: A14 Bionic Chip (64-bit Architecture) with Neural Engine1 Year Limited Hardware Warranty
136,APPLE iPad (9th Gen) 256 GB ROM 10.2 inch with Wi-Fi Only (Space Grey),4.1,"Rs 44,900",256 GB ROM25.91 cm (10.2 inch) Display8 MP Primary Camera | 12 MP FrontiOS 15 | Battery: Lithium PolymerProcessor: A13 Bionic Chip with 64-bit Architecture1 Year Warranty
137,APPLE iPad Pro (4th Gen) 256 GB ROM 11.0 inch with Wi-Fi Only (Space Grey),4.7,"Rs 88,270",256 GB ROM27.94 cm (11.0 inch) Full HD Display12 MP Primary Camera | 12 MP FrontiPadOS 16 | Battery: Lithium PolymerProcessor: Apple M2 chip1 Year Limited Hardware Warranty
138,Lenovo M8 HD (2nd Gen) 3 GB RAM 32 GB ROM 8 inches with Wi-Fi+4G Tablet (Iron Grey),4.3,"Rs 9,999","3 GB RAM | 32 GB ROM | Expandable Upto 128 GB20.32 cm (8 inches) HD Display8 MP Primary Camera | 2 MP FrontAndroid 9 Pie | Battery: 5000 mAhVoice Call (No Sim, WLAN, Bluetooth, Wi-fi Direct, Wi-fi Display, 4G LTE)Processor: MediaTek Helio A22 (4C, 4x A53)1 Year Warranty"
139,SAMSUNG Galaxy Tab S8+ With Stylus 8 GB RAM 128 GB ROM 12.4 inch with Wi-Fi+5G Tablet (Graphite),4.3,"Rs 86,999",8 GB RAM | 128 GB ROM | Expandable Upto 1 TB31.5 cm (12.4 inch) Full HD Display13 MP Primary Camera | 12 MP FrontAndroid 12 | Battery: 10090 mAhVoice Call (Single Sim)Processor: Octa-Core1 Year Manufacturer Warranty for Tablet and 6 Months Warranty for in the Box Accessories
140,Lenovo Tab M10 FHD Plus (2nd Gen) 4 GB RAM 128 GB ROM 10.3 inches with Wi-Fi Only Tablet (Platinum Gre...,4.1,"Rs 15,999",4 GB RAM | 128 GB ROM | Expandable Upto 256 GB26.16 cm (10.3 inches) Full HD Display8 MP Primary Camera | 5 MP FrontAndroid 9 (Pie) | Battery: 5000 mAhProcessor: Mediatek Helio P22T Octa Core (4 x A53 at 2.3GHz + 4 x A53 at 1.8GHz)1 Year Warranty
141,realme Pad Mini 3 GB RAM 32 GB ROM 8.7 inch with Wi-Fi+4G Tablet (Grey),4.4,"Rs 11,999","18W Fast Charging | Battery: 6400 mAH3 GB RAM | 32 GB ROM | Expandable Upto 1 TB22.1 cm (8.7 inch) HD Display8 MP Primary Camera | 5 MP FrontAndroid 11 | Battery: 6400 mAh Lithium IonIdeal Usage: EntertainmentVoice Call (Dual Sim, GSM, WCDMA, LTE FDD, TD-LTE)Processor: UNISOC T616 Octa-Core1 Year Domestic Warranty"
142,SAMSUNG Galaxy Tab A T355 Single Sim 8 Inch Tablet 2 GB RAM 16 GB ROM 8 Inches with Wi-Fi+3G Tablet (S...,4.1,"Rs 21,500",2 GB RAM | 16 GB ROM | Expandable Upto 128 GB20.32 cm (8 Inches) Display5 MP Primary Camera | 2 MP FrontAndroid Lollipop | Battery: 4200 mAhVoice Call (Single Sim)Processor: Quad Core1 Year Warranty From Manufacurer
143,realme Pad X 6 GB RAM 128 GB ROM 11 inch with Wi-Fi+5G Tablet (Glowing Grey),4.6,"Rs 27,999","Compatible with realme pencil and smart keyboard6 GB RAM | 128 GB ROM | Expandable Upto 1 TB27.94 cm (11 inch) WUXGA+ Display13 MP Primary Camera | 8 MP FrontAndroid 12 | Battery: 8340 mAh Lithium IonIdeal Usage: Entertainment, GamingVoice Call (Dual Sim, 5G, LTE, WCDMA, GSM)Processor: Qualcomm Snapdragon 6951 Year Domestic Warranty"
144,Lenovo M8 HD (2nd Gen) 3 GB RAM 32 GB ROM 8 inches with Wi-Fi+4G Tablet (Iron Grey),4.7,"Rs 9,999","3 GB RAM | 32 GB ROM | Expandable Upto 128 GB20.32 cm (8 inches) HD Display8 MP Primary Camera | 2 MP FrontAndroid 9 Pie | Battery: 5000 mAhVoice Call (No Sim, WLAN, Bluetooth, Wi-fi Direct, Wi-fi Display, 4G LTE)Processor: MediaTek Helio A22 (4C, 4x A53)1 Year Warranty"
145,APPLE iPad Air (5th gen) 256 GB ROM 10.9 Inch with Wi-Fi+5G (Purple),4.5,"Rs 83,900",256 GB ROM27.69 cm (10.9 Inch) Display12 MP Primary Camera | 12 MP FrontiPadOS 15 | Battery: Lithium PolymerVoice Call (Single Sim)Processor: Apple M1 chip1 Year Warranty
146,SAMSUNG Galaxy Tab S8+ With Stylus 8 GB RAM 128 GB ROM 12.4 inch with Wi-Fi Only Tablet (Silver),4.6,"Rs 73,999",8 GB RAM | 128 GB ROM | Expandable Upto 1 TB31.5 cm (12.4 inch) Full HD Display13 MP Primary Camera | 12 MP FrontAndroid 12 | Battery: 10090 mAhVoice Call (No Sim)Processor: Octa-Core1 Year Manufacturer Warranty for Tablet and 6 Months Warranty for in the Box Accessories
147,SAMSUNG Galaxy Tab S8 Ultra With Stylus 12 GB RAM 256 GB ROM 14.6 inch with Wi-Fi+5G Tablet (Graphite),4.5,"Rs 1,22,999",12 GB RAM | 256 GB ROM | Expandable Upto 1 TB37.08 cm (14.6 inch) Full HD Display13 MP Primary Camera | 12 MP FrontAndroid 12 | Battery: 10090 mAhVoice Call (Single Sim)Processor: Octa-Core1 Year Manufacturer Warranty for Tablet and 6 Months Warranty for in the Box Accessories
148,APPLE iPad Air (5th gen) 64 GB ROM 10.9 Inch with Wi-Fi Only (Purple),4.7,"Rs 53,900",64 GB ROM27.69 cm (10.9 Inch) Display12 MP Primary Camera | 12 MP FrontiPadOS 15 | Battery: Lithium PolymerProcessor: Apple M1 Chip1 Year warranty
149,SAMSUNG Galaxy Tab S6 Lite With Stylus 4 GB RAM 64 GB ROM 10.4 inch with Wi-Fi Only Tablet (Gray),4.6,"Rs 27,999",4 GB RAM | 64 GB ROM | Expandable Upto 1 TB26.42 cm (10.4 inch) Full HD Display8 MP Primary Camera | 5 MP FrontAndroid 12 | Battery: 7040 mAhProcessor: Qualcomm SDM720G (Octa-Core)1 Year Manufacturer Warranty for Tablet and 6 Months Warranty for in the Box Accessories
150,APPLE iPad Air (4th Gen) 64 GB ROM 10.9 inch with Wi-Fi Only (Sky Blue),4.7,"Rs 49,900","Stunning 10.9-inch Liquid Retina display with True Tone and P3 wide colorA14 Bionic chip with Neural EngineTouch ID for secure authentication and Apple Pay12MP back camera, 7MP FaceTime HD front cameraAvailable in silver, space gray, rose gold, green, and sky blueWide stereo audioWi-Fi 6 (802.11ax) and Gigabit-class LTE cellular dataUp to 10 hours of battery lifeUSB-C connector for charging and accessoriesSupport for Magic Keyboard, Smart Keyboard Folio, and Apple Pencil (2nd generation)iPadOS 14 brings new capabilities designed specifically for iPad64 GB ROM27.69 cm (10.9 inch) Full HD Display12 MP Primary Camera | 7 MP FrontiPadOS 14 | Battery: Lithium PolymerProcessor: A14 Bionic Chip (64â€‘bit Architecture) with Neural Engine1 Year Limited Hardware Warranty"
151,APPLE iPad (9th Gen) 256 GB ROM 10.2 inch with Wi-Fi+5G (Silver),4.7,"Rs 52,900",256 GB ROM25.91 cm (10.2 inch) Display8 MP Primary Camera | 12 MP FrontiOS 15 | Battery: Lithium PolymerProcessor: A13 Bionic Chip with 64-bit Architecture1 Year Warranty
152,APPLE iPad Air (4th Gen) 64 GB ROM 10.9 inch with Wi-Fi Only (Silver),3.8,"Rs 49,900","Stunning 10.9-inch Liquid Retina display with True Tone and P3 wide colorA14 Bionic chip with Neural EngineTouch ID for secure authentication and Apple Pay12MP back camera, 7MP FaceTime HD front cameraAvailable in silver, space gray, rose gold, green, and sky blueWide stereo audioWi-Fi 6 (802.11ax) and Gigabit-class LTE cellular dataUp to 10 hours of battery lifeUSB-C connector for charging and accessoriesSupport for Magic Keyboard, Smart Keyboard Folio, and Apple Pencil (2nd generation)iPadOS 14 brings new capabilities designed specifically for iPad64 GB ROM27.69 cm (10.9 inch) Full HD Display12 MP Primary Camera | 7 MP FrontiPadOS 14 | Battery: Lithium PolymerProcessor: A14 Bionic Chip (64â€‘bit Architecture) with Neural Engine1 Year Limited Hardware Warranty"
153,APPLE iPad Air (4th Gen) 256 GB ROM 10.9 inch with Wi-Fi Only (Silver),3.8,"Rs 63,900","Stunning 10.9-inch Liquid Retina display with True Tone and P3 wide colorA14 Bionic chip with Neural EngineTouch ID for secure authentication and Apple Pay12MP back camera, 7MP FaceTime HD front cameraAvailable in silver, space gray, rose gold, green, and sky blueWide stereo audioWi-Fi 6 (802.11ax) and Gigabit-class LTE cellular dataUp to 10 hours of battery lifeUSB-C connector for charging and accessoriesSupport for Magic Keyboard, Smart Keyboard Folio, and Apple Pencil (2nd generation)iPadOS 14 brings new capabilities designed specifically for iPad256 GB ROM27.69 cm (10.9 inch) Full HD Display12 MP Primary Camera | 7 MP FrontiPadOS 14 | Battery: Lithium PolymerProcessor: A14 Bionic Chip (64â€‘bit Architecture) with Neural Engine1 Year Limited Hardware Warranty"
154,"Swipe Strike8 3 GB RAM 32 GB ROM 8 inch with Wi-Fi+4G Tablet (Grey, GRAY)",4.7,"Rs 9,999","3 GB RAM | 32 GB ROM | Expandable Upto 128 GB20.32 cm (8 inch) HD Display8 MP Primary Camera | 5 MP FrontAndroid 11 | Battery: 5000 mAh Lithium-IonIdeal Usage: Entertainment, Gaming, Reading and Browsing, For Kids, BusinessVoice Call (Dual Sim, GSM/WCDMA/FDDLTE/TDD LTE/TD-SCDMA , B1 (2100), B3 (1800), B5 (850), B8 (900), B40 (TDD 2300), B41 (TDD 2500))Processor: 2.0 GHz Ultra Fast Octacore Processor Unisoc T618)12 months brand warranty and 6 months on accessories"
155,Swipe Strike8 3 GB RAM 32 GB ROM 8 inch with Wi-Fi+4G Tablet (Glacier Blue),4.6,"Rs 9,999","3 GB RAM | 32 GB ROM | Expandable Upto 256 GB20.32 cm (8 inch) HD Display8 MP Primary Camera | 5 MP FrontAndroid 11 | Battery: 5000 mAh Lithium-IonIdeal Usage: Entertainment, Business, Reading and Browsing, For Kids, GamingVoice Call (Dual Sim, GSM/WCDMA/FDDLTE/TDD LTE/TD-SCDMA , B1 (2100), B3 (1800), B5 (850), B8 (900), B40 (TDD 2300), B41 (TDD 2500))Processor: 2.0 GHz Ultra Fast Octacore Processor (Unisoc T618)12 months brand warranty and 6 months on accessories"
156,SAMSUNG Galaxy Tab S8+ With Stylus 8 GB RAM 128 GB ROM 12.4 inch with Wi-Fi+5G Tablet (Silver),4.7,"Rs 86,999",8 GB RAM | 128 GB ROM | Expandable Upto 1 TB31.5 cm (12.4 inch) Full HD Display13 MP Primary Camera | 12 MP FrontAndroid 12 | Battery: 10090 mAhVoice Call (Single Sim)Processor: Octa-Core1 Year Manufacturer Warranty for Tablet and 6 Months Warranty for in the Box Accessories
157,APPLE iPad Air (5th gen) 64 GB ROM 10.9 Inch with Wi-Fi Only (Space Grey),4.6,"Rs 53,900",64 GB ROM27.69 cm (10.9 Inch) Display12 MP Primary Camera | 12 MP FrontiPadOS 15 | Battery: Lithium PolymerProcessor: Apple M1 Chip1 Year warranty
158,APPLE iPad Air (4th Gen) 64 GB ROM 10.9 inch with Wi-Fi Only (Rose Gold),4.7,"Rs 49,900","Stunning 10.9-inch Liquid Retina display with True Tone and P3 wide colorA14 Bionic chip with Neural EngineTouch ID for secure authentication and Apple Pay12MP back camera, 7MP FaceTime HD front cameraAvailable in silver, space gray, rose gold, green, and sky blueWide stereo audioWi-Fi 6 (802.11ax) and Gigabit-class LTE cellular dataUp to 10 hours of battery lifeUSB-C connector for charging and accessoriesSupport for Magic Keyboard, Smart Keyboard Folio, and Apple Pencil (2nd generation)iPadOS 14 brings new capabilities designed specifically for iPad64 GB ROM27.69 cm (10.9 inch) Full HD Display12 MP Primary Camera | 7 MP FrontiPadOS 14 | Battery: Lithium PolymerProcessor: A14 Bionic Chip (64â€‘bit Architecture) with Neural Engine1 Year Limited Hardware Warranty"
159,APPLE iPad Air (5th gen) 64 GB ROM 10.9 Inch with Wi-Fi+5G (Blue),4.6,"Rs 68,900",64 GB ROM27.69 cm (10.9 Inch) Display12 MP Primary Camera | 12 MP FrontiPadOS 15 | Battery: Lithium PolymerVoice Call (Single Sim)Processor: Apple M1 chip1 Year Warranty
160,APPLE iPad Pro (4th Gen) 128 GB ROM 11.0 inch with Wi-Fi+5G (Space Grey),3,"Rs 90,090",128 GB ROM27.94 cm (11.0 inch) Full HD Display12 MP Primary Camera | 12 MP FrontiPadOS 16 | Battery: Lithium PolymerProcessor: Apple M2 chip1 Year Limited Hardware Warranty
161,APPLE iPad Air (5th gen) 256 GB ROM 10.9 Inch with Wi-Fi Only (Pink),4.5,"Rs 68,900",256 GB ROM27.69 cm (10.9 Inch) Display12 MP Primary Camera | 12 MP FrontiPadOS 15 | Battery: Lithium PolymerProcessor: Apple M1 Chip1 Year warranty
162,Alcatel 1T 7 4G (2nd Gen) 1 GB RAM 16 GB ROM 7 inches with Wi-Fi+4G Tablet (Black),4.7,"Rs 7,499",1 GB RAM | 16 GB ROM17.78 cm (7 inches) Display2 MP Primary CameraAndroid Go | Battery: 2580 mAhVoice Call (Single Sim)1 Year warranty from date of purchase
163,SAMSUNG Galaxy Tab S8 Ultra With Stylus 12 GB RAM 256 GB ROM 14.6 inch with Wi-Fi Only Tablet (Graphit...,4.6,"Rs 1,08,999",12 GB RAM | 256 GB ROM | Expandable Upto 1 TB37.08 cm (14.6 inch) Full HD Display13 MP Primary Camera | 12 MP FrontAndroid 12 | Battery: 10090 mAhVoice Call (No Sim)Processor: Octa-Core1 Year Manufacturer Warranty for Tablet and 6 Months Warranty for in the Box Accessories
164,APPLE iPad mini (6th Gen) 64 GB ROM 8.3 inch with Wi-Fi Only (Starlight),4.7,"Rs 44,400",64 GB ROM21.08 cm (8.3 inch) Display12 MP Primary Camera | 12 MP FrontiOS 15 | Battery: Lithium PolymerProcessor: A15 Bionic Chip with 64-bit Architecture1 Year Warranty
165,APPLE iPad Air (5th gen) 64 GB ROM 10.9 Inch with Wi-Fi+5G (space Grey),4.7,"Rs 68,900",64 GB ROM27.69 cm (10.9 Inch) Display12 MP Primary Camera | 12 MP FrontiPadOS 15 | Battery: Lithium PolymerVoice Call (Single Sim)Processor: Apple M1 chip1 Year Warranty
166,APPLE iPad Air (4th Gen) 64 GB ROM 10.9 inch with Wi-Fi+4G (Green),4.7,"Rs 59,900","Stunning 10.9-inch Liquid Retina display with True Tone and P3 wide colorA14 Bionic chip with Neural EngineTouch ID for secure authentication and Apple Pay12MP back camera, 7MP FaceTime HD front cameraAvailable in silver, space gray, rose gold, green, and sky blueWide stereo audioWi-Fi 6 (802.11ax) and Gigabit-class LTE cellular dataUp to 10 hours of battery lifeUSB-C connector for charging and accessoriesSupport for Magic Keyboard, Smart Keyboard Folio, and Apple Pencil (2nd generation)iPadOS 14 brings new capabilities designed specifically for iPad64 GB ROM27.69 cm (10.9 inch) Full HD Display12 MP Primary Camera | 7 MP FrontiPadOS 14 | Battery: Lithium PolymerProcessor: A14 Bionic Chip (64â€‘bit Architecture) with Neural Engine1 Year Limited Hardware Warranty"
167,SAMSUNG Galaxy Tab S8+ With Stylus 8 GB RAM 128 GB ROM 12.4 inch with Wi-Fi Only Tablet (Pink Gold),4.7,"Rs 73,999",8 GB RAM | 128 GB ROM | Expandable Upto 1 TB31.5 cm (12.4 inch) Full HD Display13 MP Primary Camera | 12 MP FrontAndroid 12 | Battery: 10090 mAhVoice Call (No Sim)Processor: Octa-Core1 Year Manufacturer Warranty for Tablet and 6 Months Warranty for in the Box Accessories
168,SAMSUNG Galaxy Tab S8+ With Stylus 8 GB RAM 128 GB ROM 12.4 inch with Wi-Fi+5G Tablet (Pink Gold),4.7,"Rs 86,999",8 GB RAM | 128 GB ROM | Expandable Upto 1 TB31.5 cm (12.4 inch) Full HD Display13 MP Primary Camera | 12 MP FrontAndroid 12 | Battery: 10090 mAhVoice Call (Single Sim)Processor: Octa-Core1 Year Manufacturer Warranty for Tablet and 6 Months Warranty for in the Box Accessories
169,APPLE iPad Air (4th Gen) 64 GB ROM 10.9 inch with Wi-Fi Only (Rose Gold),4.7,"Rs 49,900","Stunning 10.9-inch Liquid Retina display with True Tone and P3 wide colorA14 Bionic chip with Neural EngineTouch ID for secure authentication and Apple Pay12MP back camera, 7MP FaceTime HD front cameraAvailable in silver, space gray, rose gold, green, and sky blueWide stereo audioWi-Fi 6 (802.11ax) and Gigabit-class LTE cellular dataUp to 10 hours of battery lifeUSB-C connector for charging and accessoriesSupport for Magic Keyboard, Smart Keyboard Folio, and Apple Pencil (2nd generation)iPadOS 14 brings new capabilities designed specifically for iPad64 GB ROM27.69 cm (10.9 inch) Full HD Display12 MP Primary Camera | 7 MP FrontiPadOS 14 | Battery: Lithium PolymerProcessor: A14 Bionic Chip (64â€‘bit Architecture) with Neural Engine1 Year Limited Hardware Warranty"
170,APPLE iPad Pro 2020 (4th Generation) 6 GB RAM 512 GB ROM 12.9 inch with Wi-Fi Only (Space Grey),4.6,"Rs 1,09,999",6 GB RAM | 512 GB ROM32.77 cm (12.9 inch) Quad HD Display12 MP Primary Camera | 7 MP FrontiPadOS 13.4 | Battery: Lithium PolymerProcessor: A12Z Bionic Chip with 64-bit Architecture (Neural Engine) with Embedded M12 Coprocessor1 Year Limited Hardware Warranty
171,APPLE iPad Air (4th Gen) 64 GB ROM 10.9 inch with Wi-Fi+4G (Green),4.7,"Rs 59,900","Stunning 10.9-inch Liquid Retina display with True Tone and P3 wide colorA14 Bionic chip with Neural EngineTouch ID for secure authentication and Apple Pay12MP back camera, 7MP FaceTime HD front cameraAvailable in silver, space gray, rose gold, green, and sky blueWide stereo audioWi-Fi 6 (802.11ax) and Gigabit-class LTE cellular dataUp to 10 hours of battery lifeUSB-C connector for charging and accessoriesSupport for Magic Keyboard, Smart Keyboard Folio, and Apple Pencil (2nd generation)iPadOS 14 brings new capabilities designed specifically for iPad64 GB ROM27.69 cm (10.9 inch) Full HD Display12 MP Primary Camera | 7 MP FrontiPadOS 14 | Battery: Lithium PolymerProcessor: A14 Bionic Chip (64â€‘bit Architecture) with Neural Engine1 Year Limited Hardware Warranty"
172,APPLE iPad Pro 2021 (5th Generation) 16 GB RAM 1 TB ROM 12.9 inches with Wi-Fi+5G (Silver),4.6,"Rs 1,67,900","Apple M1 chip for next-level performanceBrilliant 12.9-inch Liquid Retina XDR display with ProMotion, True Tone, and P3 wide colorTrueDepth camera system featuring Ultra Wide camera with Center Stage12MP Wide camera, 10MP Ultra Wide camera, and LiDAR Scanner for immersive AR5G for superfast downloads and high-quality streamingStay connected with ultrafast Wi-Fi 6Go further with all-day battery lifeThunderbolt port for connecting to fast external storage, displays, and docksFace ID for secure authentication and Apple PayFour speaker audio and five studio-quality microphonesSupport for Apple Pencil (2nd generation), Magic Keyboard, and Smart Keyboard FolioiPadOS is powerful, intuitive, and designed specifically for iPadOver a million apps on the App Store just for iPad16 GB RAM | 1 TB ROM32.77 cm (12.9 inches) Quad HD Display12 MP Primary Camera | 12 MP FrontiPadOS 14 | Battery: Lithium PolymerProcessor: Apple M1 Chip1 Year Warranty"
173,APPLE iPad mini (6th Gen) 256 GB ROM 8.3 inch with Wi-Fi Only (Starlight),4.5,"Rs 59,400",256 GB ROM21.08 cm (8.3 inch) Display12 MP Primary Camera | 12 MP FrontiOS 15 | Battery: Lithium PolymerProcessor: A15 Bionic Chip with 64-bit Architecture1 Year Warranty
174,APPLE iPad Air (5th gen) 64 GB ROM 10.9 Inch with Wi-Fi+5G (Pink),3.9,"Rs 68,900",64 GB ROM27.69 cm (10.9 Inch) Display12 MP Primary Camera | 12 MP FrontiPadOS 15 | Battery: Lithium PolymerVoice Call (Single Sim)Processor: Apple M1 chip1 Year Warranty
175,SAMSUNG Galaxy Tab S6 Lite With Stylus 4 GB RAM 64 GB ROM 10.4 inch with Wi-Fi Only Tablet (Chiffon Pi...,4.7,"Rs 28,999","4 GB RAM | 64 GB ROM | Expandable Upto 1 TB26.42 cm (10.4 inch) Full HD Display8 MP Primary Camera | 5 MP FrontAndroid 10 | Battery: 7040 mAh Lithium-ionProcessor: Exynos Octa Core1 Year on Tablet, 6 Months on Accessories"
176,Alcatel 3T8 (2nd Gen) 2 GB RAM 32 GB ROM 8 inches with Wi-Fi+4G Tablet (Black),4.6,"Rs 9,499",2 GB RAM | 32 GB ROM20.32 cm (8 inches) Display5 MP Primary CameraAndroid 10 | Battery: 4080 mAhVoice Call (Single Sim)1 Year warranty from date of purchase
177,APPLE iPad Pro 2020 (2nd Generation) 6 GB RAM 1 TB ROM 11 inch with Wi-Fi+4G (Silver),4.6,"Rs 1,17,099",6 GB RAM | 1 TB ROM27.94 cm (11 inch) Full HD Display12 MP Primary Camera | 7 MP FrontiPadOS 13.4 | Battery: Lithium PolymerProcessor: A12Z Bionic Chip with 64-bit Architecture (Neural Engine) with Embedded M12 Coprocessor1 Year Limited Hardware Warranty
178,APPLE ipad Mini (2019) 256 GB ROM 7.9 inch with Wi-Fi+4G (Space Grey),4.7,"Rs 55,900","7.9-inch Retina display with True Tone and wide colorA12 Bionic chipTouch ID fingerprint sensor and Apple Pay8MP back camera, 7MP FaceTime HD front cameraStereo speakers802.11ac Wi-Fi with Gigabit-class LTE cellular dataUp to 10 hours of battery lifeLightning connector for charging and accessoriesSupport for Apple Pencil (1st generation)iPadOS 14 brings new capabilities designed specifically for iPad256 GB ROM20.07 cm (7.9 inch) Full HD Display8 MP Primary Camera | 7 MP FrontiOS 12 | Battery: Lithium PolymerProcessor: A12 Bionic Chip, 64-bit Architecture with Neural Engine and Embedded M12 Co-processor1 Year Manufacturer Warranty for Device and In-box Accessories Including Battery from the Date of Purchase"
179,APPLE ipad Mini (2019) 64 GB ROM 7.9 inch with Wi-Fi+4G (Gold),4.6,"Rs 41,900","7.9-inch Retina display with True Tone and wide colorA12 Bionic chipTouch ID fingerprint sensor and Apple Pay8MP back camera, 7MP FaceTime HD front cameraStereo speakers802.11ac Wi-Fi with Gigabit-class LTE cellular dataUp to 10 hours of battery lifeLightning connector for charging and accessoriesSupport for Apple Pencil (1st generation)iPadOS 14 brings new capabilities designed specifically for iPad64 GB ROM20.07 cm (7.9 inch) Full HD Display8 MP Primary Camera | 7 MP FrontiOS 12 | Battery: Lithium PolymerProcessor: A12 Bionic Chip, 64-bit Architecture with Neural Engine and Embedded M12 Co-processor1 Year Manufacturer Warranty for Device and In-box Accessories Including Battery from the Date of Purchase"
180,APPLE iPad Pro 2020 (2nd Generation) 6 GB RAM 512 GB ROM 11 inch with Wi-Fi Only (Space Grey),3.5,"Rs 87,099",6 GB RAM | 512 GB ROM27.94 cm (11 inch) Full HD Display12 MP Primary Camera | 7 MP FrontiPadOS 13.4 | Battery: Lithium PolymerProcessor: A12Z Bionic Chip with 64-bit Architecture (Neural Engine) with Embedded M12 Coprocessor1 Year Limited Hardware Warranty
181,APPLE ipad Mini (2019) 256 GB ROM 7.9 inch with Wi-Fi+4G (Gold),4.7,"Rs 55,900","7.9-inch Retina display with True Tone and wide colorA12 Bionic chipTouch ID fingerprint sensor and Apple Pay8MP back camera, 7MP FaceTime HD front cameraStereo speakers802.11ac Wi-Fi with Gigabit-class LTE cellular dataUp to 10 hours of battery lifeLightning connector for charging and accessoriesSupport for Apple Pencil (1st generation)iPadOS 14 brings new capabilities designed specifically for iPad256 GB ROM20.07 cm (7.9 inch) Full HD Display8 MP Primary Camera | 7 MP FrontiOS 12 | Battery: Lithium PolymerProcessor: A12 Bionic Chip, 64-bit Architecture with Neural Engine and Embedded M12 Co-processor1 Year Manufacturer Warranty for Device and In-box Accessories Including Battery from the Date of Purchase"
182,I Kall N19 Pro 3 GB RAM 32 GB ROM 8 inch with 4G Tablet (Grey),4.7,"Rs 7,499",3 GB RAM | 32 GB ROM | Expandable Upto 128 GB20.32 cm (8 inch) Display8 MP Primary Camera | 5 MP FrontAndroid 11.0 | Battery: 4000 mAh Lithium PolymerVoice Call (Single Sim)Processor: Octa core1 Year Domestic Warrantyages
183,APPLE iPad Pro 2021 (3rd Generation) 16 GB RAM 2 TB ROM 11 inches with Wi-Fi+5G (Space Grey),3,"Rs 1,75,900","Apple M1 chip for next-level performanceStunning 11-inch Liquid Retina display with ProMotion, True Tone, and P3 wide colorTrueDepth camera system featuring Ultra Wide front camera with Center Stage12MP Wide camera, 10MP Ultra Wide camera, and LiDAR Scanner for immersive AR5G for superfast downloads and high-quality streamingStay connected with ultrafast Wi-Fi 6Go further with all-day battery lifeThunderbolt port for connecting to fast external storage, displays, and docksFace ID for secure authentication and Apple PayFour speaker audio and five studio-quality microphonesSupport for Apple Pencil (2nd generation), Magic Keyboard, and Smart Keyboard Folio4iPadOS is powerful, intuitive, and designed specifically for iPadOver a million apps on the App Store just for iPad16 GB RAM | 2 TB ROM27.94 cm (11 inches) Quad HD Display12 MP Primary Camera | 12 MP FrontiPadOS 14 | Battery: Lithium PolymerProcessor: Apple M1 Chip1 Year Warranty"
184,APPLE iPad Pro (4th Gen) 1 TB ROM 11.0 inch with Wi-Fi Only (Space Grey),4.7,"Rs 1,50,900",1 TB ROM27.94 cm (11.0 inch) Full HD Display12 MP Primary Camera | 12 MP FrontiPadOS 16 | Battery: Lithium PolymerProcessor: Apple M2 chip1 Year Limited Hardware Warranty
185,I Kall N16 3 GB RAM 32 GB ROM 8 inch with 4G Tablet (Grey),4.5,"Rs 7,499",3 GB RAM | 32 GB ROM | Expandable Upto 128 GB20.32 cm (8 inch) HD Display8 MP Primary CameraAndroid 11 | Battery: 4000 mAh Lithium PolymerVoice Call (Single Sim)Processor: Octa Core1 Year warranty for device and 6 Months for box accessories
186,APPLE iPad Air (4th Gen) 64 GB ROM 10.9 inch with Wi-Fi+4G (Sky Blue),4.6,"Rs 59,900","Stunning 10.9-inch Liquid Retina display with True Tone and P3 wide colorA14 Bionic chip with Neural EngineTouch ID for secure authentication and Apple Pay12MP back camera, 7MP FaceTime HD front cameraAvailable in silver, space gray, rose gold, green, and sky blueWide stereo audioWi-Fi 6 (802.11ax) and Gigabit-class LTE cellular dataUp to 10 hours of battery lifeUSB-C connector for charging and accessoriesSupport for Magic Keyboard, Smart Keyboard Folio, and Apple Pencil (2nd generation)iPadOS 14 brings new capabilities designed specifically for iPad64 GB ROM27.69 cm (10.9 inch) Full HD Display12 MP Primary Camera | 7 MP FrontiPadOS 14 | Battery: Lithium PolymerProcessor: A14 Bionic Chip (64â€‘bit Architecture) with Neural Engine1 Year Limited Hardware Warranty"
187,SAMSUNG Galaxy Tab S6 Lite With Stylus 4 GB RAM 64 GB ROM 10.4 inch with Wi-Fi+4G Tablet (Pink),3.7,"Rs 31,999",4 GB RAM | 64 GB ROM | Expandable Upto 1 TB26.42 cm (10.4 inch) Full HD Display8 MP Primary Camera | 5 MP FrontAndroid 12 | Battery: 7040 mAhProcessor: Qualcomm SDM720G (Octa-Core)1 Year Manufacturer Warranty for Tablet and 6 Months Warranty for in the Box Accessories
188,APPLE ipad Mini (2019) 64 GB ROM 7.9 inch with Wi-Fi+4G (Silver),4.7,"Rs 41,900","7.9-inch Retina display with True Tone and wide colorA12 Bionic chipTouch ID fingerprint sensor and Apple Pay8MP back camera, 7MP FaceTime HD front cameraStereo speakers802.11ac Wi-Fi with Gigabit-class LTE cellular dataUp to 10 hours of battery lifeLightning connector for charging and accessoriesSupport for Apple Pencil (1st generation)iPadOS 14 brings new capabilities designed specifically for iPad64 GB ROM20.07 cm (7.9 inch) Full HD Display8 MP Primary Camera | 7 MP FrontiOS 12 | Battery: Lithium PolymerProcessor: A12 Bionic Chip, 64-bit Architecture with Neural Engine and Embedded M12 Co-processor1 Year Manufacturer Warranty for Device and In-box Accessories Including Battery from the Date of Purchase"
189,Swipe Slate 3 HD IPS Display 3 GB RAM 32 GB ROM 10.1 inch with Wi-Fi Only Tablet (Glacier Blue),4.6,"Rs 9,999","3 GB RAM | 32 GB ROM | Expandable Upto 128 GB25.65 cm (10.1 inch) HD Display8 MP Primary Camera | 5 MP FrontAndroid 11 | Battery: 6000 mAh Lithium-IonIdeal Usage: Business, Entertainment, Gaming, Reading and BrowsingProcessor: 2.0 GHz Ulta Fast Octa Core Processor, T310For any warranty related issues, please call the Swipe Customer Support - +918287807038 or mail us at Swipecare@btplgroup.com"
190,SAMSUNG Galaxy Tab S8+ With Stylus 8 GB RAM 128 GB ROM 12.4 inch with Wi-Fi Only Tablet (Pink Gold),,"Rs 73,999",8 GB RAM | 128 GB ROM | Expandable Upto 1 TB31.5 cm (12.4 inch) Full HD Display13 MP Primary Camera | 12 MP FrontAndroid 12 | Battery: 10090 mAhVoice Call (No Sim)Processor: Octa-Core1 Year Manufacturer Warranty for Tablet and 6 Months Warranty for in the Box Accessories
191,APPLE iPad Air (5th gen) 64 GB ROM 10.9 Inch with Wi-Fi+5G (Purple),,"Rs 68,900",64 GB ROM27.69 cm (10.9 Inch) Display12 MP Primary Camera | 12 MP FrontiPadOS 15 | Battery: Lithium PolymerVoice Call (Single Sim)Processor: Apple M1 chip1 Year Warranty
